{

"Instructions Readme": "1) Open Chrome or Edge, 2) go to chrome://tracing, 3) click Load, 4) navigate to this file.",
"processInfo": {
    
},

"traceEvents":[
{ "pid": 652, "tid": -1, "ph": "M", "name": "process_name", "args": { "name": "BeeDriver" } },
{ "pid": 652, "tid": -1, "ph": "M", "name": "process_sort_index", "args": { "sort_index": "-2" } },
{ "pid": 652, "tid": 2815, "ph": "M", "name": "thread_name", "args": { "name": "Thread Pool Worker" } },
{ "pid": 652, "tid": 2815, "ts": 1700786774060976, "dur": 13, "ph": "X", "name": "ChromeTraceHeader", "args": {} },
{ "pid": 652, "tid": 2815, "ts": 1700786774061005, "dur": 5, "ph": "X", "name": "Thread Pool Worker", "args": {} },
{ "pid": 652, "tid": 1, "ph": "M", "name": "thread_name", "args": { "name": "" } },
{ "pid": 652, "tid": 1, "ts": 1700786773831407, "dur": 1455, "ph": "X", "name": "<Add>b__0", "args": {} },
{ "pid": 652, "tid": 1, "ts": 1700786773832867, "dur": 11594, "ph": "X", "name": "<Add>b__0", "args": {} },
{ "pid": 652, "tid": 1, "ts": 1700786773844463, "dur": 14165, "ph": "X", "name": "WriteJson", "args": {} },
{ "pid": 652, "tid": 2815, "ts": 1700786774061012, "dur": 5, "ph": "X", "name": "", "args": {} },
{ "pid": 652, "tid": 25769803776, "ph": "M", "name": "thread_name", "args": { "name": "ReadEntireBinlogFromIpcAsync" } },
{ "pid": 652, "tid": 25769803776, "ts": 1700786773831349, "dur": 10258, "ph": "X", "name": "WaitForConnectionAsync", "args": {} },
{ "pid": 652, "tid": 25769803776, "ts": 1700786773841608, "dur": 218838, "ph": "X", "name": "UpdateFromStreamAsync", "args": {} },
{ "pid": 652, "tid": 25769803776, "ts": 1700786773841621, "dur": 65, "ph": "X", "name": "ReadAsync 0", "args": {} },
{ "pid": 652, "tid": 25769803776, "ts": 1700786773841691, "dur": 5, "ph": "X", "name": "ProcessMessages 56", "args": {} },
{ "pid": 652, "tid": 25769803776, "ts": 1700786773841697, "dur": 2970, "ph": "X", "name": "ReadAsync 56", "args": {} },
{ "pid": 652, "tid": 25769803776, "ts": 1700786773844669, "dur": 4, "ph": "X", "name": "ProcessMessages 8188", "args": {} },
{ "pid": 652, "tid": 25769803776, "ts": 1700786773844674, "dur": 60, "ph": "X", "name": "ReadAsync 8188", "args": {} },
{ "pid": 652, "tid": 25769803776, "ts": 1700786773844735, "dur": 1, "ph": "X", "name": "ProcessMessages 1522", "args": {} },
{ "pid": 652, "tid": 25769803776, "ts": 1700786773844737, "dur": 258, "ph": "X", "name": "ReadAsync 1522", "args": {} },
{ "pid": 652, "tid": 25769803776, "ts": 1700786773844996, "dur": 2, "ph": "X", "name": "ProcessMessages 5492", "args": {} },
{ "pid": 652, "tid": 25769803776, "ts": 1700786773845168, "dur": 180, "ph": "X", "name": "ReadAsync 5492", "args": {} },
{ "pid": 652, "tid": 25769803776, "ts": 1700786773845349, "dur": 110, "ph": "X", "name": "ProcessMessages 8120", "args": {} },
{ "pid": 652, "tid": 25769803776, "ts": 1700786773845460, "dur": 112, "ph": "X", "name": "ReadAsync 8120", "args": {} },
{ "pid": 652, "tid": 25769803776, "ts": 1700786773845573, "dur": 1, "ph": "X", "name": "ProcessMessages 2993", "args": {} },
{ "pid": 652, "tid": 25769803776, "ts": 1700786773845575, "dur": 31, "ph": "X", "name": "ReadAsync 2993", "args": {} },
{ "pid": 652, "tid": 25769803776, "ts": 1700786773845607, "dur": 1, "ph": "X", "name": "ProcessMessages 3061", "args": {} },
{ "pid": 652, "tid": 25769803776, "ts": 1700786773845609, "dur": 630, "ph": "X", "name": "ReadAsync 3061", "args": {} },
{ "pid": 652, "tid": 25769803776, "ts": 1700786773846242, "dur": 626, "ph": "X", "name": "ReadAsync 260", "args": {} },
{ "pid": 652, "tid": 25769803776, "ts": 1700786773846965, "dur": 4, "ph": "X", "name": "ProcessMessages 8191", "args": {} },
{ "pid": 652, "tid": 25769803776, "ts": 1700786773846970, "dur": 135, "ph": "X", "name": "ReadAsync 8191", "args": {} },
{ "pid": 652, "tid": 25769803776, "ts": 1700786773847106, "dur": 2, "ph": "X", "name": "ProcessMessages 4332", "args": {} },
{ "pid": 652, "tid": 25769803776, "ts": 1700786773847109, "dur": 128, "ph": "X", "name": "ReadAsync 4332", "args": {} },
{ "pid": 652, "tid": 25769803776, "ts": 1700786773847238, "dur": 1, "ph": "X", "name": "ProcessMessages 1649", "args": {} },
{ "pid": 652, "tid": 25769803776, "ts": 1700786773847240, "dur": 622, "ph": "X", "name": "ReadAsync 1649", "args": {} },
{ "pid": 652, "tid": 25769803776, "ts": 1700786773847863, "dur": 3, "ph": "X", "name": "ProcessMessages 8119", "args": {} },
{ "pid": 652, "tid": 25769803776, "ts": 1700786773847868, "dur": 690, "ph": "X", "name": "ReadAsync 8119", "args": {} },
{ "pid": 652, "tid": 25769803776, "ts": 1700786773848559, "dur": 4, "ph": "X", "name": "ProcessMessages 8186", "args": {} },
{ "pid": 652, "tid": 25769803776, "ts": 1700786773848564, "dur": 382, "ph": "X", "name": "ReadAsync 8186", "args": {} },
{ "pid": 652, "tid": 25769803776, "ts": 1700786773848947, "dur": 3, "ph": "X", "name": "ProcessMessages 5475", "args": {} },
{ "pid": 652, "tid": 25769803776, "ts": 1700786773848950, "dur": 236, "ph": "X", "name": "ReadAsync 5475", "args": {} },
{ "pid": 652, "tid": 25769803776, "ts": 1700786773849187, "dur": 1, "ph": "X", "name": "ProcessMessages 336", "args": {} },
{ "pid": 652, "tid": 25769803776, "ts": 1700786773849189, "dur": 122, "ph": "X", "name": "ReadAsync 336", "args": {} },
{ "pid": 652, "tid": 25769803776, "ts": 1700786773849313, "dur": 298, "ph": "X", "name": "ReadAsync 128", "args": {} },
{ "pid": 652, "tid": 25769803776, "ts": 1700786773849612, "dur": 1, "ph": "X", "name": "ProcessMessages 256", "args": {} },
{ "pid": 652, "tid": 25769803776, "ts": 1700786773849613, "dur": 269, "ph": "X", "name": "ReadAsync 256", "args": {} },
{ "pid": 652, "tid": 25769803776, "ts": 1700786773849885, "dur": 178, "ph": "X", "name": "ReadAsync 96", "args": {} },
{ "pid": 652, "tid": 25769803776, "ts": 1700786773850065, "dur": 69, "ph": "X", "name": "ReadAsync 48", "args": {} },
{ "pid": 652, "tid": 25769803776, "ts": 1700786773850135, "dur": 1, "ph": "X", "name": "ProcessMessages 128", "args": {} },
{ "pid": 652, "tid": 25769803776, "ts": 1700786773850136, "dur": 398, "ph": "X", "name": "ReadAsync 128", "args": {} },
{ "pid": 652, "tid": 25769803776, "ts": 1700786773850535, "dur": 1, "ph": "X", "name": "ProcessMessages 208", "args": {} },
{ "pid": 652, "tid": 25769803776, "ts": 1700786773850537, "dur": 23, "ph": "X", "name": "ReadAsync 208", "args": {} },
{ "pid": 652, "tid": 25769803776, "ts": 1700786773850562, "dur": 83, "ph": "X", "name": "ReadAsync 128", "args": {} },
{ "pid": 652, "tid": 25769803776, "ts": 1700786773850647, "dur": 93, "ph": "X", "name": "ReadAsync 32", "args": {} },
{ "pid": 652, "tid": 25769803776, "ts": 1700786773850743, "dur": 17, "ph": "X", "name": "ReadAsync 140", "args": {} },
{ "pid": 652, "tid": 25769803776, "ts": 1700786773850829, "dur": 20, "ph": "X", "name": "ReadAsync 52", "args": {} },
{ "pid": 652, "tid": 25769803776, "ts": 1700786773850852, "dur": 261, "ph": "X", "name": "ReadAsync 96", "args": {} },
{ "pid": 652, "tid": 25769803776, "ts": 1700786773851115, "dur": 2, "ph": "X", "name": "ProcessMessages 544", "args": {} },
{ "pid": 652, "tid": 25769803776, "ts": 1700786773851117, "dur": 839, "ph": "X", "name": "ReadAsync 544", "args": {} },
{ "pid": 652, "tid": 25769803776, "ts": 1700786773851958, "dur": 1, "ph": "X", "name": "ProcessMessages 256", "args": {} },
{ "pid": 652, "tid": 25769803776, "ts": 1700786773851959, "dur": 4050, "ph": "X", "name": "ReadAsync 256", "args": {} },
{ "pid": 652, "tid": 25769803776, "ts": 1700786773856015, "dur": 1, "ph": "X", "name": "ProcessMessages 16", "args": {} },
{ "pid": 652, "tid": 25769803776, "ts": 1700786773856022, "dur": 3974, "ph": "X", "name": "ReadAsync 16", "args": {} },
{ "pid": 652, "tid": 25769803776, "ts": 1700786773859999, "dur": 1, "ph": "X", "name": "ProcessMessages 80", "args": {} },
{ "pid": 652, "tid": 25769803776, "ts": 1700786773860001, "dur": 288, "ph": "X", "name": "ReadAsync 80", "args": {} },
{ "pid": 652, "tid": 25769803776, "ts": 1700786773860292, "dur": 231, "ph": "X", "name": "ReadAsync 80", "args": {} },
{ "pid": 652, "tid": 25769803776, "ts": 1700786773860525, "dur": 67, "ph": "X", "name": "ReadAsync 32", "args": {} },
{ "pid": 652, "tid": 25769803776, "ts": 1700786773860594, "dur": 88, "ph": "X", "name": "ReadAsync 32", "args": {} },
{ "pid": 652, "tid": 25769803776, "ts": 1700786773860685, "dur": 91, "ph": "X", "name": "ReadAsync 16", "args": {} },
{ "pid": 652, "tid": 25769803776, "ts": 1700786773860778, "dur": 40, "ph": "X", "name": "ReadAsync 80", "args": {} },
{ "pid": 652, "tid": 25769803776, "ts": 1700786773860820, "dur": 79, "ph": "X", "name": "ReadAsync 32", "args": {} },
{ "pid": 652, "tid": 25769803776, "ts": 1700786773860901, "dur": 52, "ph": "X", "name": "ReadAsync 44", "args": {} },
{ "pid": 652, "tid": 25769803776, "ts": 1700786773860956, "dur": 126, "ph": "X", "name": "ReadAsync 4", "args": {} },
{ "pid": 652, "tid": 25769803776, "ts": 1700786773861088, "dur": 205, "ph": "X", "name": "ReadAsync 48", "args": {} },
{ "pid": 652, "tid": 25769803776, "ts": 1700786773861295, "dur": 247, "ph": "X", "name": "ReadAsync 32", "args": {} },
{ "pid": 652, "tid": 25769803776, "ts": 1700786773861547, "dur": 76, "ph": "X", "name": "ReadAsync 16", "args": {} },
{ "pid": 652, "tid": 25769803776, "ts": 1700786773861625, "dur": 74, "ph": "X", "name": "ReadAsync 48", "args": {} },
{ "pid": 652, "tid": 25769803776, "ts": 1700786773861701, "dur": 1, "ph": "X", "name": "ProcessMessages 48", "args": {} },
{ "pid": 652, "tid": 25769803776, "ts": 1700786773861702, "dur": 57, "ph": "X", "name": "ReadAsync 48", "args": {} },
{ "pid": 652, "tid": 25769803776, "ts": 1700786773861761, "dur": 3, "ph": "X", "name": "ProcessMessages 32", "args": {} },
{ "pid": 652, "tid": 25769803776, "ts": 1700786773861765, "dur": 124, "ph": "X", "name": "ReadAsync 32", "args": {} },
{ "pid": 652, "tid": 25769803776, "ts": 1700786773861891, "dur": 70, "ph": "X", "name": "ReadAsync 32", "args": {} },
{ "pid": 652, "tid": 25769803776, "ts": 1700786773861963, "dur": 68, "ph": "X", "name": "ReadAsync 48", "args": {} },
{ "pid": 652, "tid": 25769803776, "ts": 1700786773862032, "dur": 2, "ph": "X", "name": "ProcessMessages 48", "args": {} },
{ "pid": 652, "tid": 25769803776, "ts": 1700786773862035, "dur": 29, "ph": "X", "name": "ReadAsync 48", "args": {} },
{ "pid": 652, "tid": 25769803776, "ts": 1700786773862066, "dur": 22, "ph": "X", "name": "ReadAsync 48", "args": {} },
{ "pid": 652, "tid": 25769803776, "ts": 1700786773862089, "dur": 81, "ph": "X", "name": "ReadAsync 16", "args": {} },
{ "pid": 652, "tid": 25769803776, "ts": 1700786773862173, "dur": 26, "ph": "X", "name": "ReadAsync 64", "args": {} },
{ "pid": 652, "tid": 25769803776, "ts": 1700786773862201, "dur": 46, "ph": "X", "name": "ReadAsync 64", "args": {} },
{ "pid": 652, "tid": 25769803776, "ts": 1700786773862264, "dur": 247, "ph": "X", "name": "ReadAsync 16", "args": {} },
{ "pid": 652, "tid": 25769803776, "ts": 1700786773862514, "dur": 47, "ph": "X", "name": "ReadAsync 64", "args": {} },
{ "pid": 652, "tid": 25769803776, "ts": 1700786773862563, "dur": 573, "ph": "X", "name": "ReadAsync 16", "args": {} },
{ "pid": 652, "tid": 25769803776, "ts": 1700786773863138, "dur": 46, "ph": "X", "name": "ReadAsync 64", "args": {} },
{ "pid": 652, "tid": 25769803776, "ts": 1700786773863188, "dur": 488, "ph": "X", "name": "ReadAsync 16", "args": {} },
{ "pid": 652, "tid": 25769803776, "ts": 1700786773863678, "dur": 1, "ph": "X", "name": "ProcessMessages 20", "args": {} },
{ "pid": 652, "tid": 25769803776, "ts": 1700786773863680, "dur": 193249, "ph": "X", "name": "ReadAsync 20", "args": {} },
{ "pid": 652, "tid": 25769803776, "ts": 1700786774056938, "dur": 27, "ph": "X", "name": "ProcessMessages 1013", "args": {} },
{ "pid": 652, "tid": 25769803776, "ts": 1700786774056966, "dur": 587, "ph": "X", "name": "ReadAsync 1013", "args": {} },
{ "pid": 652, "tid": 25769803776, "ts": 1700786774057557, "dur": 1, "ph": "X", "name": "ProcessMessages 40", "args": {} },
{ "pid": 652, "tid": 25769803776, "ts": 1700786774057559, "dur": 306, "ph": "X", "name": "ReadAsync 40", "args": {} },
{ "pid": 652, "tid": 25769803776, "ts": 1700786774057868, "dur": 32, "ph": "X", "name": "ProcessMessages 108", "args": {} },
{ "pid": 652, "tid": 25769803776, "ts": 1700786774057901, "dur": 382, "ph": "X", "name": "ReadAsync 108", "args": {} },
{ "pid": 652, "tid": 25769803776, "ts": 1700786774058286, "dur": 2157, "ph": "X", "name": "ReadAsync 25", "args": {} },
{ "pid": 652, "tid": 2815, "ts": 1700786774061019, "dur": 137, "ph": "X", "name": "ReadEntireBinlogFromIpcAsync", "args": {} },
{ "pid": 652, "tid": 21474836480, "ph": "M", "name": "thread_name", "args": { "name": "WaitForBuildProgramInputDataBeingWrittenAndSendDagReadyMessageAsync" } },
{ "pid": 652, "tid": 21474836480, "ts": 1700786773831212, "dur": 27422, "ph": "X", "name": "await writeBuildProgramInputDataTask", "args": {} },
{ "pid": 652, "tid": 21474836480, "ts": 1700786773858636, "dur": 37, "ph": "X", "name": "WriteDagReadyMessage", "args": {} },
{ "pid": 652, "tid": 2815, "ts": 1700786774061157, "dur": 5, "ph": "X", "name": "WaitForBuildProgramInputDataBeingWrittenAndSendDagReadyMessageAsync", "args": {} },
{ "pid": 652, "tid": 17179869184, "ph": "M", "name": "thread_name", "args": { "name": "BuildAsync" } },
{ "pid": 652, "tid": 17179869184, "ts": 1700786773817339, "dur": 243307, "ph": "X", "name": "RunBackend", "args": {} },
{ "pid": 652, "tid": 17179869184, "ts": 1700786773817503, "dur": 13221, "ph": "X", "name": "BackendProgram.Start", "args": {} },
{ "pid": 652, "tid": 17179869184, "ts": 1700786774060649, "dur": 67, "ph": "X", "name": "await WaitForAndApplyScriptUpdaters", "args": {} },
{ "pid": 652, "tid": 17179869184, "ts": 1700786774060659, "dur": 21, "ph": "X", "name": "await ScriptUpdaters", "args": {} },
{ "pid": 652, "tid": 2815, "ts": 1700786774061163, "dur": 12, "ph": "X", "name": "BuildAsync", "args": {} },
{ "cat":"", "pid":12345, "tid":0, "ts":0, "ph":"M", "name":"process_name", "args": { "name":"bee_backend" } }
,{ "pid":12345, "tid":0, "ts":1700786773838652, "dur":1798, "ph":"X", "name": "DriverInitData",  "args": { "detail":"" }}
,{ "pid":12345, "tid":0, "ts":1700786773840524, "dur":1601, "ph":"X", "name": "RemoveStaleOutputs",  "args": { "detail":"" }}
,{ "pid":12345, "tid":0, "ts":1700786773842225, "dur":121, "ph":"X", "name": "BuildQueueInit",  "args": { "detail":"" }}
,{ "pid":12345, "tid":0, "ts":1700786773842717, "dur":2110, "ph":"X", "name": "EmitFirstTimeEnqueue",  "args": { "detail":"MovedFromExtractor Library/Bee/artifacts/mvdfrm/UnityEngine.AssetBundleModule.dll_9F60DD31A5C656FE.mvfrm" }}
,{ "pid":12345, "tid":0, "ts":1700786773845396, "dur":120, "ph":"X", "name": "EmitFirstTimeEnqueue",  "args": { "detail":"MovedFromExtractor Library/Bee/artifacts/mvdfrm/UnityEngine.UnityCurlModule.dll_F5AAFA8BE52A57BD.mvfrm" }}
,{ "pid":12345, "tid":0, "ts":1700786773846224, "dur":820, "ph":"X", "name": "EmitFirstTimeEnqueue",  "args": { "detail":"MovedFromExtractor Library/Bee/artifacts/mvdfrm/Unity.RenderPipelines.Core.Editor.ref.dll_57B051C6BAF6DF9D.mvfrm" }}
,{ "pid":12345, "tid":0, "ts":1700786773847623, "dur":407, "ph":"X", "name": "EmitFirstTimeEnqueue",  "args": { "detail":"WriteText Library/Bee/artifacts/200b0aE.dag/Unity.RenderPipelines.Core.ShaderLibrary.dll.mvfrm.rsp" }}
,{ "pid":12345, "tid":0, "ts":1700786773848349, "dur":313, "ph":"X", "name": "EmitFirstTimeEnqueue",  "args": { "detail":"CopyFiles Library/ScriptAssemblies/Unity.Searcher.Editor.dll" }}
,{ "pid":12345, "tid":0, "ts":1700786773842352, "dur":6548, "ph":"X", "name": "EnqueueRequestedNodes",  "args": { "detail":"" }}
,{ "pid":12345, "tid":0, "ts":1700786773848902, "dur":209156, "ph":"X", "name": "WaitForBuildFinished", "cname":"thread_state_sleeping",  "args": { "detail":"" }}
,{ "pid":12345, "tid":0, "ts":1700786774058211, "dur":1300, "ph":"X", "name": "Tundra",  "args": { "detail":"Write AllBuiltNodes" }}
,{ "pid":12345, "tid":1, "ts":1700786773842322, "dur":6653, "ph":"X", "name": "FirstLock",  "args": { "detail":"" }}
,{ "pid":12345, "tid":1, "ts":1700786773848977, "dur":85, "ph":"X", "name": "CheckInputSignature",  "args": { "detail":"MovedFromExtractor Library/Bee/artifacts/mvdfrm/UnityEngine.SpriteShapeModule.dll_B8C20A8C5B688F08.mvfrm" }}
,{ "pid":12345, "tid":1, "ts":1700786773849244, "dur":74, "ph":"X", "name": "CheckInputSignature",  "args": { "detail":"MovedFromExtractor Library/Bee/artifacts/mvdfrm/UnityEditor.UIBuilderModule.dll_48918A4E0D720A5E.mvfrm" }}
,{ "pid":12345, "tid":1, "ts":1700786773849398, "dur":117, "ph":"X", "name": "CheckInputSignature",  "args": { "detail":"MovedFromExtractor Library/Bee/artifacts/mvdfrm/UnityEngine.CoreModule.dll_312F17AF328FDF07.mvfrm" }}
,{ "pid":12345, "tid":1, "ts":1700786773849559, "dur":92, "ph":"X", "name": "CheckInputSignature",  "args": { "detail":"MovedFromExtractor Library/Bee/artifacts/mvdfrm/UnityEngine.GridModule.dll_0EA0339D4AE474FE.mvfrm" }}
,{ "pid":12345, "tid":1, "ts":1700786773849651, "dur":58, "ph":"X", "name": "OutputFilesMissingFor",  "args": { "detail":"" }}
,{ "pid":12345, "tid":1, "ts":1700786773849713, "dur":100, "ph":"X", "name": "CheckInputSignature",  "args": { "detail":"MovedFromExtractor Library/Bee/artifacts/mvdfrm/UnityEngine.MarshallingModule.dll_47C97BC689EE8450.mvfrm" }}
,{ "pid":12345, "tid":1, "ts":1700786773849814, "dur":129, "ph":"X", "name": "OutputFilesMissingFor",  "args": { "detail":"" }}
,{ "pid":12345, "tid":1, "ts":1700786773849947, "dur":96, "ph":"X", "name": "CheckInputSignature",  "args": { "detail":"MovedFromExtractor Library/Bee/artifacts/mvdfrm/UnityEngine.ScreenCaptureModule.dll_A0DACF4BD0C88E96.mvfrm" }}
,{ "pid":12345, "tid":1, "ts":1700786773850044, "dur":125, "ph":"X", "name": "OutputFilesMissingFor",  "args": { "detail":"" }}
,{ "pid":12345, "tid":1, "ts":1700786773850171, "dur":94, "ph":"X", "name": "CheckInputSignature",  "args": { "detail":"MovedFromExtractor Library/Bee/artifacts/mvdfrm/UnityEngine.VFXModule.dll_3E9D9543353ED754.mvfrm" }}
,{ "pid":12345, "tid":1, "ts":1700786773850265, "dur":100, "ph":"X", "name": "OutputFilesMissingFor",  "args": { "detail":"" }}
,{ "pid":12345, "tid":1, "ts":1700786773850376, "dur":110, "ph":"X", "name": "CheckInputSignature",  "args": { "detail":"MovedFromExtractor Library/Bee/artifacts/mvdfrm/UnityEngine.UnityTestProtocolModule.dll_E22B11AA3E054AAB.mvfrm" }}
,{ "pid":12345, "tid":1, "ts":1700786773850487, "dur":52, "ph":"X", "name": "OutputFilesMissingFor",  "args": { "detail":"" }}
,{ "pid":12345, "tid":1, "ts":1700786773850540, "dur":98, "ph":"X", "name": "CheckInputSignature",  "args": { "detail":"MovedFromExtractor Library/Bee/artifacts/mvdfrm/UnityEngine.UIElementsModule.dll_32E6FA3B100526E3.mvfrm" }}
,{ "pid":12345, "tid":1, "ts":1700786773850639, "dur":65, "ph":"X", "name": "OutputFilesMissingFor",  "args": { "detail":"" }}
,{ "pid":12345, "tid":1, "ts":1700786773850705, "dur":108, "ph":"X", "name": "CheckInputSignature",  "args": { "detail":"MovedFromExtractor Library/Bee/artifacts/mvdfrm/UnityEngine.SubsystemsModule.dll_2EA898D30CD8EAEC.mvfrm" }}
,{ "pid":12345, "tid":1, "ts":1700786773850848, "dur":66, "ph":"X", "name": "OutputFilesMissingFor",  "args": { "detail":"" }}
,{ "pid":12345, "tid":1, "ts":1700786773850922, "dur":98, "ph":"X", "name": "OutputFilesMissingFor",  "args": { "detail":"" }}
,{ "pid":12345, "tid":1, "ts":1700786773851023, "dur":52, "ph":"X", "name": "OutputFilesMissingFor",  "args": { "detail":"" }}
,{ "pid":12345, "tid":1, "ts":1700786773851120, "dur":62, "ph":"X", "name": "OutputFilesMissingFor",  "args": { "detail":"" }}
,{ "pid":12345, "tid":1, "ts":1700786773851184, "dur":60, "ph":"X", "name": "OutputFilesMissingFor",  "args": { "detail":"" }}
,{ "pid":12345, "tid":1, "ts":1700786773851249, "dur":92, "ph":"X", "name": "OutputFilesMissingFor",  "args": { "detail":"" }}
,{ "pid":12345, "tid":1, "ts":1700786773851427, "dur":739, "ph":"X", "name": "EarlyStatNonGeneratedFile",  "args": { "detail":"" }}
,{ "pid":12345, "tid":1, "ts":1700786773852166, "dur":684, "ph":"X", "name": "EarlyStatNonGeneratedFile",  "args": { "detail":"" }}
,{ "pid":12345, "tid":1, "ts":1700786773852850, "dur":697, "ph":"X", "name": "EarlyStatNonGeneratedFile",  "args": { "detail":"" }}
,{ "pid":12345, "tid":1, "ts":1700786773853547, "dur":620, "ph":"X", "name": "EarlyStatNonGeneratedFile",  "args": { "detail":"" }}
,{ "pid":12345, "tid":1, "ts":1700786773854167, "dur":688, "ph":"X", "name": "EarlyStatNonGeneratedFile",  "args": { "detail":"" }}
,{ "pid":12345, "tid":1, "ts":1700786773854855, "dur":753, "ph":"X", "name": "EarlyStatNonGeneratedFile",  "args": { "detail":"" }}
,{ "pid":12345, "tid":1, "ts":1700786773855608, "dur":915, "ph":"X", "name": "EarlyStatNonGeneratedFile",  "args": { "detail":"" }}
,{ "pid":12345, "tid":1, "ts":1700786773856523, "dur":783, "ph":"X", "name": "EarlyStatNonGeneratedFile",  "args": { "detail":"" }}
,{ "pid":12345, "tid":1, "ts":1700786773857306, "dur":758, "ph":"X", "name": "EarlyStatNonGeneratedFile",  "args": { "detail":"" }}
,{ "pid":12345, "tid":1, "ts":1700786773858064, "dur":789, "ph":"X", "name": "EarlyStatNonGeneratedFile",  "args": { "detail":"" }}
,{ "pid":12345, "tid":1, "ts":1700786773858853, "dur":257, "ph":"X", "name": "CheckDagSignatures",  "args": { "detail":"" }}
,{ "pid":12345, "tid":1, "ts":1700786773859110, "dur":799, "ph":"X", "name": "EarlyStatNonGeneratedFile",  "args": { "detail":"" }}
,{ "pid":12345, "tid":1, "ts":1700786773859925, "dur":96, "ph":"X", "name": "WaitingForWork", "cname":"thread_state_sleeping",  "args": { "detail":"" }}
,{ "pid":12345, "tid":1, "ts":1700786773860021, "dur":341, "ph":"X", "name": "WaitingForWork", "cname":"thread_state_sleeping",  "args": { "detail":"" }}
,{ "pid":12345, "tid":1, "ts":1700786773860397, "dur":75, "ph":"X", "name": "OutputFilesMissingFor",  "args": { "detail":"" }}
,{ "pid":12345, "tid":1, "ts":1700786773860474, "dur":237, "ph":"X", "name": "WaitingForWork", "cname":"thread_state_sleeping",  "args": { "detail":"" }}
,{ "pid":12345, "tid":1, "ts":1700786773860736, "dur":119, "ph":"X", "name": "OutputFilesMissingFor",  "args": { "detail":"" }}
,{ "pid":12345, "tid":1, "ts":1700786773861059, "dur":693, "ph":"X", "name": "WaitingForWork", "cname":"thread_state_sleeping",  "args": { "detail":"" }}
,{ "pid":12345, "tid":1, "ts":1700786773861776, "dur":88, "ph":"X", "name": "OutputFilesMissingFor",  "args": { "detail":"" }}
,{ "pid":12345, "tid":1, "ts":1700786773861867, "dur":124, "ph":"X", "name": "WaitingForWork", "cname":"thread_state_sleeping",  "args": { "detail":"" }}
,{ "pid":12345, "tid":1, "ts":1700786773862098, "dur":103, "ph":"X", "name": "WaitingForWork", "cname":"thread_state_sleeping",  "args": { "detail":"" }}
,{ "pid":12345, "tid":1, "ts":1700786773862218, "dur":82, "ph":"X", "name": "WaitingForWork", "cname":"thread_state_sleeping",  "args": { "detail":"" }}
,{ "pid":12345, "tid":1, "ts":1700786773862349, "dur":291, "ph":"X", "name": "WaitingForWork", "cname":"thread_state_sleeping",  "args": { "detail":"" }}
,{ "pid":12345, "tid":1, "ts":1700786773862660, "dur":614, "ph":"X", "name": "WaitingForWork", "cname":"thread_state_sleeping",  "args": { "detail":"" }}
,{ "pid":12345, "tid":1, "ts":1700786773863274, "dur":194772, "ph":"X", "name": "WaitingForWork", "cname":"thread_state_sleeping",  "args": { "detail":"" }}
,{ "pid":12345, "tid":2, "ts":1700786773842325, "dur":6654, "ph":"X", "name": "FirstLock",  "args": { "detail":"" }}
,{ "pid":12345, "tid":2, "ts":1700786773848981, "dur":86, "ph":"X", "name": "CheckInputSignature",  "args": { "detail":"MovedFromExtractor Library/Bee/artifacts/mvdfrm/UnityEditor.CoreModule.dll_0E0E445C8A8A73DC.mvfrm" }}
,{ "pid":12345, "tid":2, "ts":1700786773849153, "dur":86, "ph":"X", "name": "EmitNodeUpToDate",  "args": { "detail":"MovedFromExtractor Library/Bee/artifacts/mvdfrm/UnityEditor.PresetsUIModule.dll_AF6F16139D11E92F.mvfrm" }}
,{ "pid":12345, "tid":2, "ts":1700786773849389, "dur":60, "ph":"X", "name": "CheckInputSignature",  "args": { "detail":"MovedFromExtractor Library/Bee/artifacts/mvdfrm/UnityEngine.ARModule.dll_8E741EEC1D1FBD79.mvfrm" }}
,{ "pid":12345, "tid":2, "ts":1700786773849449, "dur":73, "ph":"X", "name": "OutputFilesMissingFor",  "args": { "detail":"" }}
,{ "pid":12345, "tid":2, "ts":1700786773849525, "dur":71, "ph":"X", "name": "CheckInputSignature",  "args": { "detail":"MovedFromExtractor Library/Bee/artifacts/mvdfrm/UnityEngine.GameCenterModule.dll_DACEBFE11D216D5F.mvfrm" }}
,{ "pid":12345, "tid":2, "ts":1700786773849596, "dur":75, "ph":"X", "name": "OutputFilesMissingFor",  "args": { "detail":"" }}
,{ "pid":12345, "tid":2, "ts":1700786773849674, "dur":68, "ph":"X", "name": "CheckInputSignature",  "args": { "detail":"MovedFromExtractor Library/Bee/artifacts/mvdfrm/UnityEngine.InputLegacyModule.dll_30A5F8503DB80CEF.mvfrm" }}
,{ "pid":12345, "tid":2, "ts":1700786773849742, "dur":74, "ph":"X", "name": "OutputFilesMissingFor",  "args": { "detail":"" }}
,{ "pid":12345, "tid":2, "ts":1700786773849819, "dur":167, "ph":"X", "name": "CheckInputSignature",  "args": { "detail":"MovedFromExtractor Library/Bee/artifacts/mvdfrm/UnityEngine.PhysicsModule.dll_734E498C586E49D3.mvfrm" }}
,{ "pid":12345, "tid":2, "ts":1700786773849986, "dur":98, "ph":"X", "name": "OutputFilesMissingFor",  "args": { "detail":"" }}
,{ "pid":12345, "tid":2, "ts":1700786773850088, "dur":139, "ph":"X", "name": "CheckInputSignature",  "args": { "detail":"MovedFromExtractor Library/Bee/artifacts/mvdfrm/UnityEngine.XRModule.dll_5605E1A0473E3732.mvfrm" }}
,{ "pid":12345, "tid":2, "ts":1700786773850227, "dur":116, "ph":"X", "name": "OutputFilesMissingFor",  "args": { "detail":"" }}
,{ "pid":12345, "tid":2, "ts":1700786773850349, "dur":132, "ph":"X", "name": "CheckInputSignature",  "args": { "detail":"MovedFromExtractor Library/Bee/artifacts/mvdfrm/UnityEngine.UnityWebRequestModule.dll_C09CB362F2CA049C.mvfrm" }}
,{ "pid":12345, "tid":2, "ts":1700786773850531, "dur":105, "ph":"X", "name": "CheckInputSignature",  "args": { "detail":"MovedFromExtractor Library/Bee/artifacts/mvdfrm/UnityEngine.UIModule.dll_D074F8161C49645C.mvfrm" }}
,{ "pid":12345, "tid":2, "ts":1700786773850636, "dur":54, "ph":"X", "name": "OutputFilesMissingFor",  "args": { "detail":"" }}
,{ "pid":12345, "tid":2, "ts":1700786773850694, "dur":96, "ph":"X", "name": "CheckInputSignature",  "args": { "detail":"MovedFromExtractor Library/Bee/artifacts/mvdfrm/UnityEngine.TerrainModule.dll_8D94C4FB2E2C92C1.mvfrm" }}
,{ "pid":12345, "tid":2, "ts":1700786773850790, "dur":62, "ph":"X", "name": "OutputFilesMissingFor",  "args": { "detail":"" }}
,{ "pid":12345, "tid":2, "ts":1700786773850853, "dur":95, "ph":"X", "name": "CheckInputSignature",  "args": { "detail":"MovedFromExtractor Library/Bee/artifacts/mvdfrm/UnityEngine.NVIDIAModule.dll_6F78C66AB0734A53.mvfrm" }}
,{ "pid":12345, "tid":2, "ts":1700786773850948, "dur":81, "ph":"X", "name": "OutputFilesMissingFor",  "args": { "detail":"" }}
,{ "pid":12345, "tid":2, "ts":1700786773851034, "dur":52, "ph":"X", "name": "OutputFilesMissingFor",  "args": { "detail":"" }}
,{ "pid":12345, "tid":2, "ts":1700786773851175, "dur":51, "ph":"X", "name": "OutputFilesMissingFor",  "args": { "detail":"" }}
,{ "pid":12345, "tid":2, "ts":1700786773851230, "dur":98, "ph":"X", "name": "OutputFilesMissingFor",  "args": { "detail":"" }}
,{ "pid":12345, "tid":2, "ts":1700786773851344, "dur":55, "ph":"X", "name": "OutputFilesMissingFor",  "args": { "detail":"" }}
,{ "pid":12345, "tid":2, "ts":1700786773851400, "dur":696, "ph":"X", "name": "EarlyStatNonGeneratedFile",  "args": { "detail":"" }}
,{ "pid":12345, "tid":2, "ts":1700786773852096, "dur":720, "ph":"X", "name": "EarlyStatNonGeneratedFile",  "args": { "detail":"" }}
,{ "pid":12345, "tid":2, "ts":1700786773852817, "dur":689, "ph":"X", "name": "EarlyStatNonGeneratedFile",  "args": { "detail":"" }}
,{ "pid":12345, "tid":2, "ts":1700786773853506, "dur":622, "ph":"X", "name": "EarlyStatNonGeneratedFile",  "args": { "detail":"" }}
,{ "pid":12345, "tid":2, "ts":1700786773854128, "dur":675, "ph":"X", "name": "EarlyStatNonGeneratedFile",  "args": { "detail":"" }}
,{ "pid":12345, "tid":2, "ts":1700786773854803, "dur":757, "ph":"X", "name": "EarlyStatNonGeneratedFile",  "args": { "detail":"" }}
,{ "pid":12345, "tid":2, "ts":1700786773855560, "dur":909, "ph":"X", "name": "EarlyStatNonGeneratedFile",  "args": { "detail":"" }}
,{ "pid":12345, "tid":2, "ts":1700786773856470, "dur":778, "ph":"X", "name": "EarlyStatNonGeneratedFile",  "args": { "detail":"" }}
,{ "pid":12345, "tid":2, "ts":1700786773857248, "dur":773, "ph":"X", "name": "EarlyStatNonGeneratedFile",  "args": { "detail":"" }}
,{ "pid":12345, "tid":2, "ts":1700786773858021, "dur":760, "ph":"X", "name": "EarlyStatNonGeneratedFile",  "args": { "detail":"" }}
,{ "pid":12345, "tid":2, "ts":1700786773858781, "dur":787, "ph":"X", "name": "EarlyStatNonGeneratedFile",  "args": { "detail":"" }}
,{ "pid":12345, "tid":2, "ts":1700786773859568, "dur":379, "ph":"X", "name": "EarlyStatNonGeneratedFile",  "args": { "detail":"" }}
,{ "pid":12345, "tid":2, "ts":1700786773859947, "dur":69, "ph":"X", "name": "WaitingForWork", "cname":"thread_state_sleeping",  "args": { "detail":"" }}
,{ "pid":12345, "tid":2, "ts":1700786773860016, "dur":343, "ph":"X", "name": "WaitingForWork", "cname":"thread_state_sleeping",  "args": { "detail":"" }}
,{ "pid":12345, "tid":2, "ts":1700786773860359, "dur":441, "ph":"X", "name": "CheckInputSignature",  "args": { "detail":"MovedFromExtractor-Combine Library/Bee/artifacts/200b0aE.dag/Unity.2D.Sprite.Editor.dll.mvfrm" }}
,{ "pid":12345, "tid":2, "ts":1700786773860852, "dur":1136, "ph":"X", "name": "CheckInputSignature",  "args": { "detail":"Csc Library/Bee/artifacts/200b0aE.dag/Unity.2D.Sprite.Editor.dll (+2 others)" }}
,{ "pid":12345, "tid":2, "ts":1700786773861988, "dur":93, "ph":"X", "name": "OutputFilesMissingFor",  "args": { "detail":"" }}
,{ "pid":12345, "tid":2, "ts":1700786773862090, "dur":70, "ph":"X", "name": "CheckInputSignature",  "args": { "detail":"MovedFromExtractor Library/Bee/artifacts/mvdfrm/Unity.2D.Sprite.Editor.ref.dll_A298F0F0964CDA5C.mvfrm" }}
,{ "pid":12345, "tid":2, "ts":1700786773862207, "dur":92, "ph":"X", "name": "WaitingForWork", "cname":"thread_state_sleeping",  "args": { "detail":"" }}
,{ "pid":12345, "tid":2, "ts":1700786773862348, "dur":292, "ph":"X", "name": "WaitingForWork", "cname":"thread_state_sleeping",  "args": { "detail":"" }}
,{ "pid":12345, "tid":2, "ts":1700786773862657, "dur":617, "ph":"X", "name": "WaitingForWork", "cname":"thread_state_sleeping",  "args": { "detail":"" }}
,{ "pid":12345, "tid":2, "ts":1700786773863274, "dur":194808, "ph":"X", "name": "WaitingForWork", "cname":"thread_state_sleeping",  "args": { "detail":"" }}
,{ "pid":12345, "tid":3, "ts":1700786773842337, "dur":6663, "ph":"X", "name": "FirstLock",  "args": { "detail":"" }}
,{ "pid":12345, "tid":3, "ts":1700786773849010, "dur":60, "ph":"X", "name": "CheckInputSignature",  "args": { "detail":"MovedFromExtractor Library/Bee/artifacts/mvdfrm/UnityEditor.DeviceSimulatorModule.dll_3D5EEB96F5F5A4A5.mvfrm" }}
,{ "pid":12345, "tid":3, "ts":1700786773849126, "dur":71, "ph":"X", "name": "EmitNodeUpToDate",  "args": { "detail":"MovedFromExtractor Library/Bee/artifacts/mvdfrm/UnityEditor.DeviceSimulatorModule.dll_3D5EEB96F5F5A4A5.mvfrm" }}
,{ "pid":12345, "tid":3, "ts":1700786773849215, "dur":77, "ph":"X", "name": "EmitNodeUpToDate",  "args": { "detail":"MovedFromExtractor Library/Bee/artifacts/mvdfrm/UnityEditor.TextCoreFontEngineModule.dll_F0011034FBB23DDA.mvfrm" }}
,{ "pid":12345, "tid":3, "ts":1700786773849350, "dur":82, "ph":"X", "name": "CheckInputSignature",  "args": { "detail":"MovedFromExtractor Library/Bee/artifacts/mvdfrm/UnityEngine.AndroidJNIModule.dll_B08175C656E07C6E.mvfrm" }}
,{ "pid":12345, "tid":3, "ts":1700786773849432, "dur":77, "ph":"X", "name": "OutputFilesMissingFor",  "args": { "detail":"" }}
,{ "pid":12345, "tid":3, "ts":1700786773849513, "dur":97, "ph":"X", "name": "CheckInputSignature",  "args": { "detail":"MovedFromExtractor Library/Bee/artifacts/mvdfrm/UnityEngine.DSPGraphModule.dll_3A362496E4990805.mvfrm" }}
,{ "pid":12345, "tid":3, "ts":1700786773849610, "dur":67, "ph":"X", "name": "OutputFilesMissingFor",  "args": { "detail":"" }}
,{ "pid":12345, "tid":3, "ts":1700786773849679, "dur":76, "ph":"X", "name": "CheckInputSignature",  "args": { "detail":"MovedFromExtractor Library/Bee/artifacts/mvdfrm/UnityEngine.InputModule.dll_947666424A41F766.mvfrm" }}
,{ "pid":12345, "tid":3, "ts":1700786773849756, "dur":74, "ph":"X", "name": "OutputFilesMissingFor",  "args": { "detail":"" }}
,{ "pid":12345, "tid":3, "ts":1700786773849835, "dur":163, "ph":"X", "name": "CheckInputSignature",  "args": { "detail":"MovedFromExtractor Library/Bee/artifacts/mvdfrm/UnityEngine.ProfilerModule.dll_672AFC640B91BDF1.mvfrm" }}
,{ "pid":12345, "tid":3, "ts":1700786773849998, "dur":109, "ph":"X", "name": "OutputFilesMissingFor",  "args": { "detail":"" }}
,{ "pid":12345, "tid":3, "ts":1700786773850111, "dur":153, "ph":"X", "name": "CheckInputSignature",  "args": { "detail":"MovedFromExtractor Library/Bee/artifacts/mvdfrm/UnityEngine.WindModule.dll_A77DF2D7C3C65D70.mvfrm" }}
,{ "pid":12345, "tid":3, "ts":1700786773850265, "dur":112, "ph":"X", "name": "OutputFilesMissingFor",  "args": { "detail":"" }}
,{ "pid":12345, "tid":3, "ts":1700786773850378, "dur":110, "ph":"X", "name": "CheckInputSignature",  "args": { "detail":"MovedFromExtractor Library/Bee/artifacts/mvdfrm/UnityEngine.UnityCurlModule.dll_F5AAFA8BE52A57BD.mvfrm" }}
,{ "pid":12345, "tid":3, "ts":1700786773850488, "dur":57, "ph":"X", "name": "OutputFilesMissingFor",  "args": { "detail":"" }}
,{ "pid":12345, "tid":3, "ts":1700786773850546, "dur":116, "ph":"X", "name": "CheckInputSignature",  "args": { "detail":"MovedFromExtractor Library/Bee/artifacts/mvdfrm/UnityEngine.TLSModule.dll_BDBEFCD45ED16DE7.mvfrm" }}
,{ "pid":12345, "tid":3, "ts":1700786773850712, "dur":116, "ph":"X", "name": "CheckInputSignature",  "args": { "detail":"MovedFromExtractor Library/Bee/artifacts/mvdfrm/UnityEngine.SubstanceModule.dll_53CE5AF40FF11B1C.mvfrm" }}
,{ "pid":12345, "tid":3, "ts":1700786773850828, "dur":62, "ph":"X", "name": "OutputFilesMissingFor",  "args": { "detail":"" }}
,{ "pid":12345, "tid":3, "ts":1700786773850895, "dur":70, "ph":"X", "name": "OutputFilesMissingFor",  "args": { "detail":"" }}
,{ "pid":12345, "tid":3, "ts":1700786773850970, "dur":66, "ph":"X", "name": "OutputFilesMissingFor",  "args": { "detail":"" }}
,{ "pid":12345, "tid":3, "ts":1700786773851038, "dur":51, "ph":"X", "name": "OutputFilesMissingFor",  "args": { "detail":"" }}
,{ "pid":12345, "tid":3, "ts":1700786773851095, "dur":50, "ph":"X", "name": "OutputFilesMissingFor",  "args": { "detail":"" }}
,{ "pid":12345, "tid":3, "ts":1700786773851194, "dur":68, "ph":"X", "name": "OutputFilesMissingFor",  "args": { "detail":"" }}
,{ "pid":12345, "tid":3, "ts":1700786773851264, "dur":107, "ph":"X", "name": "OutputFilesMissingFor",  "args": { "detail":"" }}
,{ "pid":12345, "tid":3, "ts":1700786773851406, "dur":711, "ph":"X", "name": "EarlyStatNonGeneratedFile",  "args": { "detail":"" }}
,{ "pid":12345, "tid":3, "ts":1700786773852118, "dur":705, "ph":"X", "name": "EarlyStatNonGeneratedFile",  "args": { "detail":"" }}
,{ "pid":12345, "tid":3, "ts":1700786773852823, "dur":685, "ph":"X", "name": "EarlyStatNonGeneratedFile",  "args": { "detail":"" }}
,{ "pid":12345, "tid":3, "ts":1700786773853508, "dur":632, "ph":"X", "name": "EarlyStatNonGeneratedFile",  "args": { "detail":"" }}
,{ "pid":12345, "tid":3, "ts":1700786773854140, "dur":687, "ph":"X", "name": "EarlyStatNonGeneratedFile",  "args": { "detail":"" }}
,{ "pid":12345, "tid":3, "ts":1700786773854827, "dur":757, "ph":"X", "name": "EarlyStatNonGeneratedFile",  "args": { "detail":"" }}
,{ "pid":12345, "tid":3, "ts":1700786773855584, "dur":921, "ph":"X", "name": "EarlyStatNonGeneratedFile",  "args": { "detail":"" }}
,{ "pid":12345, "tid":3, "ts":1700786773856505, "dur":766, "ph":"X", "name": "EarlyStatNonGeneratedFile",  "args": { "detail":"" }}
,{ "pid":12345, "tid":3, "ts":1700786773857272, "dur":772, "ph":"X", "name": "EarlyStatNonGeneratedFile",  "args": { "detail":"" }}
,{ "pid":12345, "tid":3, "ts":1700786773858044, "dur":781, "ph":"X", "name": "EarlyStatNonGeneratedFile",  "args": { "detail":"" }}
,{ "pid":12345, "tid":3, "ts":1700786773858825, "dur":773, "ph":"X", "name": "EarlyStatNonGeneratedFile",  "args": { "detail":"" }}
,{ "pid":12345, "tid":3, "ts":1700786773859598, "dur":287, "ph":"X", "name": "EarlyStatNonGeneratedFile",  "args": { "detail":"" }}
,{ "pid":12345, "tid":3, "ts":1700786773859885, "dur":51, "ph":"X", "name": "EarlyStatNonGeneratedFile",  "args": { "detail":"" }}
,{ "pid":12345, "tid":3, "ts":1700786773859936, "dur":80, "ph":"X", "name": "WaitingForWork", "cname":"thread_state_sleeping",  "args": { "detail":"" }}
,{ "pid":12345, "tid":3, "ts":1700786773860016, "dur":340, "ph":"X", "name": "WaitingForWork", "cname":"thread_state_sleeping",  "args": { "detail":"" }}
,{ "pid":12345, "tid":3, "ts":1700786773860357, "dur":736, "ph":"X", "name": "CheckInputSignature",  "args": { "detail":"MovedFromExtractor-Combine Library/Bee/artifacts/200b0aE.dag/Unity.ShaderGraph.Utilities.dll.mvfrm" }}
,{ "pid":12345, "tid":3, "ts":1700786773861129, "dur":547, "ph":"X", "name": "CheckInputSignature",  "args": { "detail":"Csc Library/Bee/artifacts/200b0aE.dag/Unity.ShaderGraph.Utilities.dll (+2 others)" }}
,{ "pid":12345, "tid":3, "ts":1700786773861677, "dur":67, "ph":"X", "name": "OutputFilesMissingFor",  "args": { "detail":"" }}
,{ "pid":12345, "tid":3, "ts":1700786773861845, "dur":150, "ph":"X", "name": "WaitingForWork", "cname":"thread_state_sleeping",  "args": { "detail":"" }}
,{ "pid":12345, "tid":3, "ts":1700786773861995, "dur":97, "ph":"X", "name": "WaitingForWork", "cname":"thread_state_sleeping",  "args": { "detail":"" }}
,{ "pid":12345, "tid":3, "ts":1700786773862116, "dur":57, "ph":"X", "name": "OutputFilesMissingFor",  "args": { "detail":"" }}
,{ "pid":12345, "tid":3, "ts":1700786773862206, "dur":92, "ph":"X", "name": "WaitingForWork", "cname":"thread_state_sleeping",  "args": { "detail":"" }}
,{ "pid":12345, "tid":3, "ts":1700786773862347, "dur":301, "ph":"X", "name": "WaitingForWork", "cname":"thread_state_sleeping",  "args": { "detail":"" }}
,{ "pid":12345, "tid":3, "ts":1700786773862648, "dur":624, "ph":"X", "name": "WaitingForWork", "cname":"thread_state_sleeping",  "args": { "detail":"" }}
,{ "pid":12345, "tid":3, "ts":1700786773863272, "dur":194761, "ph":"X", "name": "WaitingForWork", "cname":"thread_state_sleeping",  "args": { "detail":"" }}
,{ "pid":12345, "tid":4, "ts":1700786773842321, "dur":6588, "ph":"X", "name": "FirstLock",  "args": { "detail":"" }}
,{ "pid":12345, "tid":4, "ts":1700786773848973, "dur":88, "ph":"X", "name": "CheckInputSignature",  "args": { "detail":"MovedFromExtractor Library/Bee/artifacts/mvdfrm/UnityEngine.UnityConnectModule.dll_80192BF62F15113D.mvfrm" }}
,{ "pid":12345, "tid":4, "ts":1700786773849162, "dur":154, "ph":"X", "name": "EmitNodeUpToDate",  "args": { "detail":"MovedFromExtractor Library/Bee/artifacts/mvdfrm/UnityEngine.UnityConnectModule.dll_80192BF62F15113D.mvfrm" }}
,{ "pid":12345, "tid":4, "ts":1700786773849405, "dur":119, "ph":"X", "name": "CheckInputSignature",  "args": { "detail":"MovedFromExtractor Library/Bee/artifacts/mvdfrm/UnityEngine.CrashReportingModule.dll_AB8AB1DBBEDA9CFF.mvfrm" }}
,{ "pid":12345, "tid":4, "ts":1700786773849563, "dur":111, "ph":"X", "name": "CheckInputSignature",  "args": { "detail":"MovedFromExtractor Library/Bee/artifacts/mvdfrm/UnityEngine.HotReloadModule.dll_43D7176050498152.mvfrm" }}
,{ "pid":12345, "tid":4, "ts":1700786773849674, "dur":85, "ph":"X", "name": "OutputFilesMissingFor",  "args": { "detail":"" }}
,{ "pid":12345, "tid":4, "ts":1700786773849761, "dur":179, "ph":"X", "name": "CheckInputSignature",  "args": { "detail":"MovedFromExtractor Library/Bee/artifacts/mvdfrm/UnityEngine.Physics2DModule.dll_0F34494B16135D65.mvfrm" }}
,{ "pid":12345, "tid":4, "ts":1700786773849940, "dur":59, "ph":"X", "name": "OutputFilesMissingFor",  "args": { "detail":"" }}
,{ "pid":12345, "tid":4, "ts":1700786773850004, "dur":128, "ph":"X", "name": "OutputFilesMissingFor",  "args": { "detail":"" }}
,{ "pid":12345, "tid":4, "ts":1700786773850137, "dur":124, "ph":"X", "name": "CheckInputSignature",  "args": { "detail":"MovedFromExtractor Library/Bee/artifacts/mvdfrm/UnityEngine.VRModule.dll_23471E9BBE03E9D4.mvfrm" }}
,{ "pid":12345, "tid":4, "ts":1700786773850262, "dur":84, "ph":"X", "name": "OutputFilesMissingFor",  "args": { "detail":"" }}
,{ "pid":12345, "tid":4, "ts":1700786773850356, "dur":113, "ph":"X", "name": "CheckInputSignature",  "args": { "detail":"MovedFromExtractor Library/Bee/artifacts/mvdfrm/UnityEngine.UnityWebRequestAudioModule.dll_EDACE73B3215055E.mvfrm" }}
,{ "pid":12345, "tid":4, "ts":1700786773850469, "dur":57, "ph":"X", "name": "OutputFilesMissingFor",  "args": { "detail":"" }}
,{ "pid":12345, "tid":4, "ts":1700786773850527, "dur":104, "ph":"X", "name": "CheckInputSignature",  "args": { "detail":"MovedFromExtractor Library/Bee/artifacts/mvdfrm/UnityEngine.UmbraModule.dll_A8D54AAA61307E35.mvfrm" }}
,{ "pid":12345, "tid":4, "ts":1700786773850631, "dur":57, "ph":"X", "name": "OutputFilesMissingFor",  "args": { "detail":"" }}
,{ "pid":12345, "tid":4, "ts":1700786773850691, "dur":81, "ph":"X", "name": "CheckInputSignature",  "args": { "detail":"MovedFromExtractor Library/Bee/artifacts/mvdfrm/UnityEngine.TerrainPhysicsModule.dll_FF17A3FB462F231A.mvfrm" }}
,{ "pid":12345, "tid":4, "ts":1700786773850772, "dur":74, "ph":"X", "name": "OutputFilesMissingFor",  "args": { "detail":"" }}
,{ "pid":12345, "tid":4, "ts":1700786773850847, "dur":63, "ph":"X", "name": "OutputFilesMissingFor",  "args": { "detail":"" }}
,{ "pid":12345, "tid":4, "ts":1700786773850913, "dur":92, "ph":"X", "name": "OutputFilesMissingFor",  "args": { "detail":"" }}
,{ "pid":12345, "tid":4, "ts":1700786773851007, "dur":58, "ph":"X", "name": "OutputFilesMissingFor",  "args": { "detail":"" }}
,{ "pid":12345, "tid":4, "ts":1700786773851110, "dur":54, "ph":"X", "name": "OutputFilesMissingFor",  "args": { "detail":"" }}
,{ "pid":12345, "tid":4, "ts":1700786773851207, "dur":59, "ph":"X", "name": "OutputFilesMissingFor",  "args": { "detail":"" }}
,{ "pid":12345, "tid":4, "ts":1700786773851269, "dur":107, "ph":"X", "name": "OutputFilesMissingFor",  "args": { "detail":"" }}
,{ "pid":12345, "tid":4, "ts":1700786773851412, "dur":708, "ph":"X", "name": "EarlyStatNonGeneratedFile",  "args": { "detail":"" }}
,{ "pid":12345, "tid":4, "ts":1700786773852120, "dur":701, "ph":"X", "name": "EarlyStatNonGeneratedFile",  "args": { "detail":"" }}
,{ "pid":12345, "tid":4, "ts":1700786773852821, "dur":683, "ph":"X", "name": "EarlyStatNonGeneratedFile",  "args": { "detail":"" }}
,{ "pid":12345, "tid":4, "ts":1700786773853505, "dur":618, "ph":"X", "name": "EarlyStatNonGeneratedFile",  "args": { "detail":"" }}
,{ "pid":12345, "tid":4, "ts":1700786773854123, "dur":676, "ph":"X", "name": "EarlyStatNonGeneratedFile",  "args": { "detail":"" }}
,{ "pid":12345, "tid":4, "ts":1700786773854799, "dur":751, "ph":"X", "name": "EarlyStatNonGeneratedFile",  "args": { "detail":"" }}
,{ "pid":12345, "tid":4, "ts":1700786773855550, "dur":914, "ph":"X", "name": "EarlyStatNonGeneratedFile",  "args": { "detail":"" }}
,{ "pid":12345, "tid":4, "ts":1700786773856465, "dur":789, "ph":"X", "name": "EarlyStatNonGeneratedFile",  "args": { "detail":"" }}
,{ "pid":12345, "tid":4, "ts":1700786773857255, "dur":773, "ph":"X", "name": "EarlyStatNonGeneratedFile",  "args": { "detail":"" }}
,{ "pid":12345, "tid":4, "ts":1700786773858028, "dur":764, "ph":"X", "name": "EarlyStatNonGeneratedFile",  "args": { "detail":"" }}
,{ "pid":12345, "tid":4, "ts":1700786773858792, "dur":866, "ph":"X", "name": "EarlyStatNonGeneratedFile",  "args": { "detail":"" }}
,{ "pid":12345, "tid":4, "ts":1700786773859659, "dur":272, "ph":"X", "name": "EarlyStatNonGeneratedFile",  "args": { "detail":"" }}
,{ "pid":12345, "tid":4, "ts":1700786773859932, "dur":82, "ph":"X", "name": "WaitingForWork", "cname":"thread_state_sleeping",  "args": { "detail":"" }}
,{ "pid":12345, "tid":4, "ts":1700786773860015, "dur":341, "ph":"X", "name": "WaitingForWork", "cname":"thread_state_sleeping",  "args": { "detail":"" }}
,{ "pid":12345, "tid":4, "ts":1700786773860356, "dur":80, "ph":"X", "name": "CheckInputSignature",  "args": { "detail":"MovedFromExtractor-Combine Library/Bee/artifacts/200b0aE.dag/Unity.Searcher.Editor.dll.mvfrm" }}
,{ "pid":12345, "tid":4, "ts":1700786773860459, "dur":189, "ph":"X", "name": "CheckInputSignature",  "args": { "detail":"Csc Library/Bee/artifacts/200b0aE.dag/Unity.Searcher.Editor.dll (+2 others)" }}
,{ "pid":12345, "tid":4, "ts":1700786773860648, "dur":59, "ph":"X", "name": "OutputFilesMissingFor",  "args": { "detail":"" }}
,{ "pid":12345, "tid":4, "ts":1700786773860734, "dur":133, "ph":"X", "name": "OutputFilesMissingFor",  "args": { "detail":"" }}
,{ "pid":12345, "tid":4, "ts":1700786773860925, "dur":57, "ph":"X", "name": "WaitingForWork", "cname":"thread_state_sleeping",  "args": { "detail":"" }}
,{ "pid":12345, "tid":4, "ts":1700786773861043, "dur":375, "ph":"X", "name": "CheckInputSignature",  "args": { "detail":"MovedFromExtractor-Combine Library/Bee/artifacts/200b0aE.dag/Unity.Mathematics.Editor.dll.mvfrm" }}
,{ "pid":12345, "tid":4, "ts":1700786773861456, "dur":653, "ph":"X", "name": "CheckInputSignature",  "args": { "detail":"Csc Library/Bee/artifacts/200b0aE.dag/Unity.Mathematics.Editor.dll (+2 others)" }}
,{ "pid":12345, "tid":4, "ts":1700786773862109, "dur":86, "ph":"X", "name": "OutputFilesMissingFor",  "args": { "detail":"" }}
,{ "pid":12345, "tid":4, "ts":1700786773862222, "dur":79, "ph":"X", "name": "WaitingForWork", "cname":"thread_state_sleeping",  "args": { "detail":"" }}
,{ "pid":12345, "tid":4, "ts":1700786773862349, "dur":295, "ph":"X", "name": "WaitingForWork", "cname":"thread_state_sleeping",  "args": { "detail":"" }}
,{ "pid":12345, "tid":4, "ts":1700786773862644, "dur":625, "ph":"X", "name": "WaitingForWork", "cname":"thread_state_sleeping",  "args": { "detail":"" }}
,{ "pid":12345, "tid":4, "ts":1700786773863284, "dur":194809, "ph":"X", "name": "WaitingForWork", "cname":"thread_state_sleeping",  "args": { "detail":"" }}
,{ "pid":12345, "tid":5, "ts":1700786773842337, "dur":6675, "ph":"X", "name": "FirstLock",  "args": { "detail":"" }}
,{ "pid":12345, "tid":5, "ts":1700786773849013, "dur":76, "ph":"X", "name": "CheckInputSignature",  "args": { "detail":"MovedFromExtractor Library/Bee/artifacts/mvdfrm/UnityEditor.DiagnosticsModule.dll_D0682932EA88A5B3.mvfrm" }}
,{ "pid":12345, "tid":5, "ts":1700786773849152, "dur":175, "ph":"X", "name": "EmitNodeUpToDate",  "args": { "detail":"MovedFromExtractor Library/Bee/artifacts/mvdfrm/UnityEditor.DiagnosticsModule.dll_D0682932EA88A5B3.mvfrm" }}
,{ "pid":12345, "tid":5, "ts":1700786773849395, "dur":108, "ph":"X", "name": "CheckInputSignature",  "args": { "detail":"MovedFromExtractor Library/Bee/artifacts/mvdfrm/UnityEngine.ContentLoadModule.dll_387736727448FEEB.mvfrm" }}
,{ "pid":12345, "tid":5, "ts":1700786773849548, "dur":90, "ph":"X", "name": "CheckInputSignature",  "args": { "detail":"MovedFromExtractor Library/Bee/artifacts/mvdfrm/UnityEngine.GraphToolsFoundationModule.dll_27132F7B0BF130E8.mvfrm" }}
,{ "pid":12345, "tid":5, "ts":1700786773849638, "dur":68, "ph":"X", "name": "OutputFilesMissingFor",  "args": { "detail":"" }}
,{ "pid":12345, "tid":5, "ts":1700786773849709, "dur":102, "ph":"X", "name": "CheckInputSignature",  "args": { "detail":"MovedFromExtractor Library/Bee/artifacts/mvdfrm/UnityEngine.LocalizationModule.dll_50A2E74F7D90D651.mvfrm" }}
,{ "pid":12345, "tid":5, "ts":1700786773849811, "dur":110, "ph":"X", "name": "OutputFilesMissingFor",  "args": { "detail":"" }}
,{ "pid":12345, "tid":5, "ts":1700786773849923, "dur":115, "ph":"X", "name": "CheckInputSignature",  "args": { "detail":"MovedFromExtractor Library/Bee/artifacts/mvdfrm/UnityEngine.RuntimeInitializeOnLoadManagerInitializerModule.dll_B81B84621D47182E.mvfrm" }}
,{ "pid":12345, "tid":5, "ts":1700786773850038, "dur":120, "ph":"X", "name": "OutputFilesMissingFor",  "args": { "detail":"" }}
,{ "pid":12345, "tid":5, "ts":1700786773850161, "dur":98, "ph":"X", "name": "CheckInputSignature",  "args": { "detail":"MovedFromExtractor Library/Bee/artifacts/mvdfrm/UnityEngine.VideoModule.dll_530A22FC969BEE67.mvfrm" }}
,{ "pid":12345, "tid":5, "ts":1700786773850260, "dur":52, "ph":"X", "name": "OutputFilesMissingFor",  "args": { "detail":"" }}
,{ "pid":12345, "tid":5, "ts":1700786773850316, "dur":125, "ph":"X", "name": "CheckInputSignature",  "args": { "detail":"MovedFromExtractor Library/Bee/artifacts/mvdfrm/UnityEngine.UnityWebRequestTextureModule.dll_377F882828D512F3.mvfrm" }}
,{ "pid":12345, "tid":5, "ts":1700786773850441, "dur":62, "ph":"X", "name": "OutputFilesMissingFor",  "args": { "detail":"" }}
,{ "pid":12345, "tid":5, "ts":1700786773850505, "dur":113, "ph":"X", "name": "CheckInputSignature",  "args": { "detail":"MovedFromExtractor Library/Bee/artifacts/mvdfrm/UnityEngine.UnityAnalyticsCommonModule.dll_10EF50A0C592D924.mvfrm" }}
,{ "pid":12345, "tid":5, "ts":1700786773850618, "dur":63, "ph":"X", "name": "OutputFilesMissingFor",  "args": { "detail":"" }}
,{ "pid":12345, "tid":5, "ts":1700786773850683, "dur":78, "ph":"X", "name": "CheckInputSignature",  "args": { "detail":"MovedFromExtractor Library/Bee/artifacts/mvdfrm/UnityEngine.TextCoreFontEngineModule.dll_6E608B880EAFFCA5.mvfrm" }}
,{ "pid":12345, "tid":5, "ts":1700786773850761, "dur":81, "ph":"X", "name": "OutputFilesMissingFor",  "args": { "detail":"" }}
,{ "pid":12345, "tid":5, "ts":1700786773850844, "dur":62, "ph":"X", "name": "OutputFilesMissingFor",  "args": { "detail":"" }}
,{ "pid":12345, "tid":5, "ts":1700786773850910, "dur":93, "ph":"X", "name": "OutputFilesMissingFor",  "args": { "detail":"" }}
,{ "pid":12345, "tid":5, "ts":1700786773851013, "dur":60, "ph":"X", "name": "OutputFilesMissingFor",  "args": { "detail":"" }}
,{ "pid":12345, "tid":5, "ts":1700786773851114, "dur":52, "ph":"X", "name": "OutputFilesMissingFor",  "args": { "detail":"" }}
,{ "pid":12345, "tid":5, "ts":1700786773851168, "dur":56, "ph":"X", "name": "OutputFilesMissingFor",  "args": { "detail":"" }}
,{ "pid":12345, "tid":5, "ts":1700786773851275, "dur":109, "ph":"X", "name": "OutputFilesMissingFor",  "args": { "detail":"" }}
,{ "pid":12345, "tid":5, "ts":1700786773851418, "dur":738, "ph":"X", "name": "EarlyStatNonGeneratedFile",  "args": { "detail":"" }}
,{ "pid":12345, "tid":5, "ts":1700786773852156, "dur":686, "ph":"X", "name": "EarlyStatNonGeneratedFile",  "args": { "detail":"" }}
,{ "pid":12345, "tid":5, "ts":1700786773852842, "dur":682, "ph":"X", "name": "EarlyStatNonGeneratedFile",  "args": { "detail":"" }}
,{ "pid":12345, "tid":5, "ts":1700786773853525, "dur":625, "ph":"X", "name": "EarlyStatNonGeneratedFile",  "args": { "detail":"" }}
,{ "pid":12345, "tid":5, "ts":1700786773854150, "dur":685, "ph":"X", "name": "EarlyStatNonGeneratedFile",  "args": { "detail":"" }}
,{ "pid":12345, "tid":5, "ts":1700786773854835, "dur":753, "ph":"X", "name": "EarlyStatNonGeneratedFile",  "args": { "detail":"" }}
,{ "pid":12345, "tid":5, "ts":1700786773855589, "dur":899, "ph":"X", "name": "EarlyStatNonGeneratedFile",  "args": { "detail":"" }}
,{ "pid":12345, "tid":5, "ts":1700786773856488, "dur":781, "ph":"X", "name": "EarlyStatNonGeneratedFile",  "args": { "detail":"" }}
,{ "pid":12345, "tid":5, "ts":1700786773857270, "dur":771, "ph":"X", "name": "EarlyStatNonGeneratedFile",  "args": { "detail":"" }}
,{ "pid":12345, "tid":5, "ts":1700786773858042, "dur":778, "ph":"X", "name": "EarlyStatNonGeneratedFile",  "args": { "detail":"" }}
,{ "pid":12345, "tid":5, "ts":1700786773858820, "dur":915, "ph":"X", "name": "EarlyStatNonGeneratedFile",  "args": { "detail":"" }}
,{ "pid":12345, "tid":5, "ts":1700786773859736, "dur":175, "ph":"X", "name": "EarlyStatNonGeneratedFile",  "args": { "detail":"" }}
,{ "pid":12345, "tid":5, "ts":1700786773859923, "dur":97, "ph":"X", "name": "WaitingForWork", "cname":"thread_state_sleeping",  "args": { "detail":"" }}
,{ "pid":12345, "tid":5, "ts":1700786773860020, "dur":341, "ph":"X", "name": "WaitingForWork", "cname":"thread_state_sleeping",  "args": { "detail":"" }}
,{ "pid":12345, "tid":5, "ts":1700786773860361, "dur":865, "ph":"X", "name": "CheckInputSignature",  "args": { "detail":"MovedFromExtractor-Combine Library/Bee/artifacts/200b0aE.dag/Unity.RenderPipelines.Core.ShaderLibrary.dll.mvfrm" }}
,{ "pid":12345, "tid":5, "ts":1700786773861251, "dur":658, "ph":"X", "name": "CheckInputSignature",  "args": { "detail":"Csc Library/Bee/artifacts/200b0aE.dag/Unity.RenderPipelines.Core.ShaderLibrary.dll (+2 others)" }}
,{ "pid":12345, "tid":5, "ts":1700786773861910, "dur":70, "ph":"X", "name": "OutputFilesMissingFor",  "args": { "detail":"" }}
,{ "pid":12345, "tid":5, "ts":1700786773862015, "dur":82, "ph":"X", "name": "WaitingForWork", "cname":"thread_state_sleeping",  "args": { "detail":"" }}
,{ "pid":12345, "tid":5, "ts":1700786773862206, "dur":85, "ph":"X", "name": "WaitingForWork", "cname":"thread_state_sleeping",  "args": { "detail":"" }}
,{ "pid":12345, "tid":5, "ts":1700786773862345, "dur":302, "ph":"X", "name": "WaitingForWork", "cname":"thread_state_sleeping",  "args": { "detail":"" }}
,{ "pid":12345, "tid":5, "ts":1700786773862647, "dur":625, "ph":"X", "name": "WaitingForWork", "cname":"thread_state_sleeping",  "args": { "detail":"" }}
,{ "pid":12345, "tid":5, "ts":1700786773863272, "dur":194327, "ph":"X", "name": "WaitingForWork", "cname":"thread_state_sleeping",  "args": { "detail":"" }}
,{ "pid":12345, "tid":5, "ts":1700786774057661, "dur":303, "ph":"X", "name": "CopyFiles",  "args": { "detail":"Library/ScriptAssemblies/Assembly-CSharp.pdb" }}
,{ "pid":12345, "tid":5, "ts":1700786774057965, "dur":140, "ph":"X", "name": "WaitingForWork", "cname":"thread_state_sleeping",  "args": { "detail":"" }}
,{ "pid":12345, "tid":6, "ts":1700786773842339, "dur":6676, "ph":"X", "name": "FirstLock",  "args": { "detail":"" }}
,{ "pid":12345, "tid":6, "ts":1700786773849017, "dur":52, "ph":"X", "name": "CheckInputSignature",  "args": { "detail":"MovedFromExtractor Library/Bee/artifacts/mvdfrm/UnityEditor.dll_DED654ECFA116EF9.mvfrm" }}
,{ "pid":12345, "tid":6, "ts":1700786773849178, "dur":150, "ph":"X", "name": "EmitNodeUpToDate",  "args": { "detail":"MovedFromExtractor Library/Bee/artifacts/mvdfrm/UnityEditor.GraphViewModule.dll_F408DD319AB9912A.mvfrm" }}
,{ "pid":12345, "tid":6, "ts":1700786773849425, "dur":109, "ph":"X", "name": "CheckInputSignature",  "args": { "detail":"MovedFromExtractor Library/Bee/artifacts/mvdfrm/UnityEngine.DirectorModule.dll_34E4C32D723836E4.mvfrm" }}
,{ "pid":12345, "tid":6, "ts":1700786773849568, "dur":101, "ph":"X", "name": "CheckInputSignature",  "args": { "detail":"MovedFromExtractor Library/Bee/artifacts/mvdfrm/UnityEngine.ImageConversionModule.dll_AEFDABB8E7D56A1D.mvfrm" }}
,{ "pid":12345, "tid":6, "ts":1700786773849723, "dur":114, "ph":"X", "name": "CheckInputSignature",  "args": { "detail":"MovedFromExtractor Library/Bee/artifacts/mvdfrm/UnityEngine.ParticleSystemModule.dll_FE9CFB282CEC288D.mvfrm" }}
,{ "pid":12345, "tid":6, "ts":1700786773849837, "dur":137, "ph":"X", "name": "OutputFilesMissingFor",  "args": { "detail":"" }}
,{ "pid":12345, "tid":6, "ts":1700786773849978, "dur":146, "ph":"X", "name": "CheckInputSignature",  "args": { "detail":"MovedFromExtractor Library/Bee/artifacts/mvdfrm/UnityEngine.SharedInternalsModule.dll_330EEA8E5F03656D.mvfrm" }}
,{ "pid":12345, "tid":6, "ts":1700786773850124, "dur":97, "ph":"X", "name": "OutputFilesMissingFor",  "args": { "detail":"" }}
,{ "pid":12345, "tid":6, "ts":1700786773850224, "dur":116, "ph":"X", "name": "CheckInputSignature",  "args": { "detail":"MovedFromExtractor Library/Bee/artifacts/mvdfrm/UnityEngine.VehiclesModule.dll_ACA7BCACEC62067F.mvfrm" }}
,{ "pid":12345, "tid":6, "ts":1700786773850340, "dur":85, "ph":"X", "name": "OutputFilesMissingFor",  "args": { "detail":"" }}
,{ "pid":12345, "tid":6, "ts":1700786773850427, "dur":84, "ph":"X", "name": "CheckInputSignature",  "args": { "detail":"MovedFromExtractor Library/Bee/artifacts/mvdfrm/UnityEngine.SpriteMaskModule.dll_C3FB32713E9102D9.mvfrm" }}
,{ "pid":12345, "tid":6, "ts":1700786773850511, "dur":87, "ph":"X", "name": "OutputFilesMissingFor",  "args": { "detail":"" }}
,{ "pid":12345, "tid":6, "ts":1700786773850601, "dur":84, "ph":"X", "name": "CheckInputSignature",  "args": { "detail":"MovedFromExtractor Library/Bee/artifacts/mvdfrm/UnityEngine.TextRenderingModule.dll_CA1A415688000E8B.mvfrm" }}
,{ "pid":12345, "tid":6, "ts":1700786773850736, "dur":83, "ph":"X", "name": "CheckInputSignature",  "args": { "detail":"MovedFromExtractor Library/Bee/artifacts/mvdfrm/UnityEditor.Graphs.dll_751D4997512E220E.mvfrm" }}
,{ "pid":12345, "tid":6, "ts":1700786773850836, "dur":62, "ph":"X", "name": "OutputFilesMissingFor",  "args": { "detail":"" }}
,{ "pid":12345, "tid":6, "ts":1700786773850901, "dur":91, "ph":"X", "name": "OutputFilesMissingFor",  "args": { "detail":"" }}
,{ "pid":12345, "tid":6, "ts":1700786773850996, "dur":63, "ph":"X", "name": "OutputFilesMissingFor",  "args": { "detail":"" }}
,{ "pid":12345, "tid":6, "ts":1700786773851106, "dur":64, "ph":"X", "name": "OutputFilesMissingFor",  "args": { "detail":"" }}
,{ "pid":12345, "tid":6, "ts":1700786773851213, "dur":84, "ph":"X", "name": "OutputFilesMissingFor",  "args": { "detail":"" }}
,{ "pid":12345, "tid":6, "ts":1700786773851303, "dur":84, "ph":"X", "name": "OutputFilesMissingFor",  "args": { "detail":"" }}
,{ "pid":12345, "tid":6, "ts":1700786773851421, "dur":747, "ph":"X", "name": "EarlyStatNonGeneratedFile",  "args": { "detail":"" }}
,{ "pid":12345, "tid":6, "ts":1700786773852168, "dur":694, "ph":"X", "name": "EarlyStatNonGeneratedFile",  "args": { "detail":"" }}
,{ "pid":12345, "tid":6, "ts":1700786773852862, "dur":700, "ph":"X", "name": "EarlyStatNonGeneratedFile",  "args": { "detail":"" }}
,{ "pid":12345, "tid":6, "ts":1700786773853562, "dur":634, "ph":"X", "name": "EarlyStatNonGeneratedFile",  "args": { "detail":"" }}
,{ "pid":12345, "tid":6, "ts":1700786773854196, "dur":685, "ph":"X", "name": "EarlyStatNonGeneratedFile",  "args": { "detail":"" }}
,{ "pid":12345, "tid":6, "ts":1700786773854881, "dur":763, "ph":"X", "name": "EarlyStatNonGeneratedFile",  "args": { "detail":"" }}
,{ "pid":12345, "tid":6, "ts":1700786773855644, "dur":919, "ph":"X", "name": "EarlyStatNonGeneratedFile",  "args": { "detail":"" }}
,{ "pid":12345, "tid":6, "ts":1700786773856563, "dur":786, "ph":"X", "name": "EarlyStatNonGeneratedFile",  "args": { "detail":"" }}
,{ "pid":12345, "tid":6, "ts":1700786773857350, "dur":758, "ph":"X", "name": "EarlyStatNonGeneratedFile",  "args": { "detail":"" }}
,{ "pid":12345, "tid":6, "ts":1700786773858108, "dur":791, "ph":"X", "name": "EarlyStatNonGeneratedFile",  "args": { "detail":"" }}
,{ "pid":12345, "tid":6, "ts":1700786773858899, "dur":916, "ph":"X", "name": "EarlyStatNonGeneratedFile",  "args": { "detail":"" }}
,{ "pid":12345, "tid":6, "ts":1700786773859815, "dur":114, "ph":"X", "name": "EarlyStatNonGeneratedFile",  "args": { "detail":"" }}
,{ "pid":12345, "tid":6, "ts":1700786773859929, "dur":72, "ph":"X", "name": "WaitingForWork", "cname":"thread_state_sleeping",  "args": { "detail":"" }}
,{ "pid":12345, "tid":6, "ts":1700786773860013, "dur":293, "ph":"X", "name": "WaitingForWork", "cname":"thread_state_sleeping",  "args": { "detail":"" }}
,{ "pid":12345, "tid":6, "ts":1700786773860313, "dur":74, "ph":"X", "name": "CheckInputSignature",  "args": { "detail":"MovedFromExtractor-Combine Library/Bee/artifacts/200b0aE.dag/Unity.Postprocessing.Runtime.dll.mvfrm" }}
,{ "pid":12345, "tid":6, "ts":1700786773860407, "dur":243, "ph":"X", "name": "CheckInputSignature",  "args": { "detail":"Csc Library/Bee/artifacts/200b0aE.dag/Unity.Postprocessing.Runtime.dll (+2 others)" }}
,{ "pid":12345, "tid":6, "ts":1700786773860650, "dur":73, "ph":"X", "name": "OutputFilesMissingFor",  "args": { "detail":"" }}
,{ "pid":12345, "tid":6, "ts":1700786773860762, "dur":380, "ph":"X", "name": "CheckInputSignature",  "args": { "detail":"MovedFromExtractor-Combine Library/Bee/artifacts/200b0aE.dag/Unity.Postprocessing.Editor.dll.mvfrm" }}
,{ "pid":12345, "tid":6, "ts":1700786773861161, "dur":1111, "ph":"X", "name": "CheckInputSignature",  "args": { "detail":"Csc Library/Bee/artifacts/200b0aE.dag/Unity.Postprocessing.Editor.dll (+2 others)" }}
,{ "pid":12345, "tid":6, "ts":1700786773862349, "dur":293, "ph":"X", "name": "WaitingForWork", "cname":"thread_state_sleeping",  "args": { "detail":"" }}
,{ "pid":12345, "tid":6, "ts":1700786773862642, "dur":624, "ph":"X", "name": "WaitingForWork", "cname":"thread_state_sleeping",  "args": { "detail":"" }}
,{ "pid":12345, "tid":6, "ts":1700786773863279, "dur":194791, "ph":"X", "name": "WaitingForWork", "cname":"thread_state_sleeping",  "args": { "detail":"" }}
,{ "pid":12345, "tid":7, "ts":1700786773842341, "dur":6682, "ph":"X", "name": "FirstLock",  "args": { "detail":"" }}
,{ "pid":12345, "tid":7, "ts":1700786773849044, "dur":52, "ph":"X", "name": "CheckInputSignature",  "args": { "detail":"MovedFromExtractor Library/Bee/artifacts/mvdfrm/UnityEditor.EditorToolbarModule.dll_D096BC35BDBE2FD5.mvfrm" }}
,{ "pid":12345, "tid":7, "ts":1700786773849212, "dur":94, "ph":"X", "name": "EmitNodeUpToDate",  "args": { "detail":"MovedFromExtractor Library/Bee/artifacts/mvdfrm/UnityEditor.TerrainModule.dll_9B1A0C50C91DAB7C.mvfrm" }}
,{ "pid":12345, "tid":7, "ts":1700786773849389, "dur":65, "ph":"X", "name": "CheckInputSignature",  "args": { "detail":"MovedFromExtractor Library/Bee/artifacts/mvdfrm/UnityEngine.ClusterInputModule.dll_12561CFCE614E358.mvfrm" }}
,{ "pid":12345, "tid":7, "ts":1700786773849454, "dur":79, "ph":"X", "name": "OutputFilesMissingFor",  "args": { "detail":"" }}
,{ "pid":12345, "tid":7, "ts":1700786773849535, "dur":81, "ph":"X", "name": "CheckInputSignature",  "args": { "detail":"MovedFromExtractor Library/Bee/artifacts/mvdfrm/UnityEngine.GIModule.dll_6D3DA2F65BB146CA.mvfrm" }}
,{ "pid":12345, "tid":7, "ts":1700786773849616, "dur":75, "ph":"X", "name": "OutputFilesMissingFor",  "args": { "detail":"" }}
,{ "pid":12345, "tid":7, "ts":1700786773849694, "dur":93, "ph":"X", "name": "CheckInputSignature",  "args": { "detail":"MovedFromExtractor Library/Bee/artifacts/mvdfrm/UnityEngine.JSONSerializeModule.dll_86F321C6BC5C6234.mvfrm" }}
,{ "pid":12345, "tid":7, "ts":1700786773849787, "dur":103, "ph":"X", "name": "OutputFilesMissingFor",  "args": { "detail":"" }}
,{ "pid":12345, "tid":7, "ts":1700786773849894, "dur":143, "ph":"X", "name": "CheckInputSignature",  "args": { "detail":"MovedFromExtractor Library/Bee/artifacts/mvdfrm/UnityEngine.PropertiesModule.dll_0809FF1F900CD19B.mvfrm" }}
,{ "pid":12345, "tid":7, "ts":1700786773850038, "dur":94, "ph":"X", "name": "OutputFilesMissingFor",  "args": { "detail":"" }}
,{ "pid":12345, "tid":7, "ts":1700786773850145, "dur":119, "ph":"X", "name": "CheckInputSignature",  "args": { "detail":"MovedFromExtractor Library/Bee/artifacts/mvdfrm/UnityEngine.VirtualTexturingModule.dll_AFFA25405B5816E5.mvfrm" }}
,{ "pid":12345, "tid":7, "ts":1700786773850264, "dur":89, "ph":"X", "name": "OutputFilesMissingFor",  "args": { "detail":"" }}
,{ "pid":12345, "tid":7, "ts":1700786773850367, "dur":120, "ph":"X", "name": "CheckInputSignature",  "args": { "detail":"MovedFromExtractor Library/Bee/artifacts/mvdfrm/UnityEngine.UnityWebRequestAssetBundleModule.dll_A372BB6ABBF2DC1A.mvfrm" }}
,{ "pid":12345, "tid":7, "ts":1700786773850488, "dur":76, "ph":"X", "name": "OutputFilesMissingFor",  "args": { "detail":"" }}
,{ "pid":12345, "tid":7, "ts":1700786773850566, "dur":111, "ph":"X", "name": "CheckInputSignature",  "args": { "detail":"MovedFromExtractor Library/Bee/artifacts/mvdfrm/UnityEngine.TilemapModule.dll_2C912C7C45E973CA.mvfrm" }}
,{ "pid":12345, "tid":7, "ts":1700786773850725, "dur":98, "ph":"X", "name": "CheckInputSignature",  "args": { "detail":"MovedFromExtractor Library/Bee/artifacts/mvdfrm/UnityEditor.OSXStandalone.Extensions.dll_072CE0D6B4B94B2F.mvfrm" }}
,{ "pid":12345, "tid":7, "ts":1700786773850871, "dur":73, "ph":"X", "name": "OutputFilesMissingFor",  "args": { "detail":"" }}
,{ "pid":12345, "tid":7, "ts":1700786773850946, "dur":80, "ph":"X", "name": "OutputFilesMissingFor",  "args": { "detail":"" }}
,{ "pid":12345, "tid":7, "ts":1700786773851029, "dur":52, "ph":"X", "name": "OutputFilesMissingFor",  "args": { "detail":"" }}
,{ "pid":12345, "tid":7, "ts":1700786773851122, "dur":56, "ph":"X", "name": "OutputFilesMissingFor",  "args": { "detail":"" }}
,{ "pid":12345, "tid":7, "ts":1700786773851180, "dur":56, "ph":"X", "name": "OutputFilesMissingFor",  "args": { "detail":"" }}
,{ "pid":12345, "tid":7, "ts":1700786773851238, "dur":73, "ph":"X", "name": "OutputFilesMissingFor",  "args": { "detail":"" }}
,{ "pid":12345, "tid":7, "ts":1700786773851317, "dur":79, "ph":"X", "name": "OutputFilesMissingFor",  "args": { "detail":"" }}
,{ "pid":12345, "tid":7, "ts":1700786773851397, "dur":737, "ph":"X", "name": "EarlyStatNonGeneratedFile",  "args": { "detail":"" }}
,{ "pid":12345, "tid":7, "ts":1700786773852134, "dur":693, "ph":"X", "name": "EarlyStatNonGeneratedFile",  "args": { "detail":"" }}
,{ "pid":12345, "tid":7, "ts":1700786773852827, "dur":691, "ph":"X", "name": "EarlyStatNonGeneratedFile",  "args": { "detail":"" }}
,{ "pid":12345, "tid":7, "ts":1700786773853518, "dur":627, "ph":"X", "name": "EarlyStatNonGeneratedFile",  "args": { "detail":"" }}
,{ "pid":12345, "tid":7, "ts":1700786773854145, "dur":693, "ph":"X", "name": "EarlyStatNonGeneratedFile",  "args": { "detail":"" }}
,{ "pid":12345, "tid":7, "ts":1700786773854838, "dur":760, "ph":"X", "name": "EarlyStatNonGeneratedFile",  "args": { "detail":"" }}
,{ "pid":12345, "tid":7, "ts":1700786773855598, "dur":921, "ph":"X", "name": "EarlyStatNonGeneratedFile",  "args": { "detail":"" }}
,{ "pid":12345, "tid":7, "ts":1700786773856519, "dur":761, "ph":"X", "name": "EarlyStatNonGeneratedFile",  "args": { "detail":"" }}
,{ "pid":12345, "tid":7, "ts":1700786773857280, "dur":769, "ph":"X", "name": "EarlyStatNonGeneratedFile",  "args": { "detail":"" }}
,{ "pid":12345, "tid":7, "ts":1700786773858049, "dur":783, "ph":"X", "name": "EarlyStatNonGeneratedFile",  "args": { "detail":"" }}
,{ "pid":12345, "tid":7, "ts":1700786773858832, "dur":939, "ph":"X", "name": "EarlyStatNonGeneratedFile",  "args": { "detail":"" }}
,{ "pid":12345, "tid":7, "ts":1700786773859771, "dur":179, "ph":"X", "name": "EarlyStatNonGeneratedFile",  "args": { "detail":"" }}
,{ "pid":12345, "tid":7, "ts":1700786773859950, "dur":67, "ph":"X", "name": "WaitingForWork", "cname":"thread_state_sleeping",  "args": { "detail":"" }}
,{ "pid":12345, "tid":7, "ts":1700786773860017, "dur":342, "ph":"X", "name": "WaitingForWork", "cname":"thread_state_sleeping",  "args": { "detail":"" }}
,{ "pid":12345, "tid":7, "ts":1700786773860359, "dur":955, "ph":"X", "name": "CheckInputSignature",  "args": { "detail":"MovedFromExtractor-Combine Library/Bee/artifacts/200b0aE.dag/Unity.RenderPipelines.ShaderGraph.ShaderGraphLibrary.dll.mvfrm" }}
,{ "pid":12345, "tid":7, "ts":1700786773861335, "dur":349, "ph":"X", "name": "CheckInputSignature",  "args": { "detail":"Csc Library/Bee/artifacts/200b0aE.dag/Unity.RenderPipelines.ShaderGraph.ShaderGraphLibrary.dll (+2 others)" }}
,{ "pid":12345, "tid":7, "ts":1700786773861684, "dur":79, "ph":"X", "name": "OutputFilesMissingFor",  "args": { "detail":"" }}
,{ "pid":12345, "tid":7, "ts":1700786773861824, "dur":75, "ph":"X", "name": "OutputFilesMissingFor",  "args": { "detail":"" }}
,{ "pid":12345, "tid":7, "ts":1700786773861900, "dur":92, "ph":"X", "name": "WaitingForWork", "cname":"thread_state_sleeping",  "args": { "detail":"" }}
,{ "pid":12345, "tid":7, "ts":1700786773862034, "dur":73, "ph":"X", "name": "OutputFilesMissingFor",  "args": { "detail":"" }}
,{ "pid":12345, "tid":7, "ts":1700786773862109, "dur":92, "ph":"X", "name": "WaitingForWork", "cname":"thread_state_sleeping",  "args": { "detail":"" }}
,{ "pid":12345, "tid":7, "ts":1700786773862227, "dur":74, "ph":"X", "name": "WaitingForWork", "cname":"thread_state_sleeping",  "args": { "detail":"" }}
,{ "pid":12345, "tid":7, "ts":1700786773862301, "dur":50, "ph":"X", "name": "WaitingForWork", "cname":"thread_state_sleeping",  "args": { "detail":"" }}
,{ "pid":12345, "tid":7, "ts":1700786773862351, "dur":300, "ph":"X", "name": "WaitingForWork", "cname":"thread_state_sleeping",  "args": { "detail":"" }}
,{ "pid":12345, "tid":7, "ts":1700786773862651, "dur":622, "ph":"X", "name": "WaitingForWork", "cname":"thread_state_sleeping",  "args": { "detail":"" }}
,{ "pid":12345, "tid":7, "ts":1700786773863273, "dur":194841, "ph":"X", "name": "WaitingForWork", "cname":"thread_state_sleeping",  "args": { "detail":"" }}
,{ "pid":12345, "tid":8, "ts":1700786773842348, "dur":6685, "ph":"X", "name": "FirstLock",  "args": { "detail":"" }}
,{ "pid":12345, "tid":8, "ts":1700786773849157, "dur":139, "ph":"X", "name": "EmitNodeUpToDate",  "args": { "detail":"MovedFromExtractor Library/Bee/artifacts/mvdfrm/UnityEditor.GraphToolsFoundationModule.dll_A3A02263971BDABD.mvfrm" }}
,{ "pid":12345, "tid":8, "ts":1700786773849445, "dur":92, "ph":"X", "name": "CheckInputSignature",  "args": { "detail":"MovedFromExtractor Library/Bee/artifacts/mvdfrm/UnityEngine.dll_117A9BC55884FBDE.mvfrm" }}
,{ "pid":12345, "tid":8, "ts":1700786773849584, "dur":97, "ph":"X", "name": "CheckInputSignature",  "args": { "detail":"MovedFromExtractor Library/Bee/artifacts/mvdfrm/UnityEngine.IMGUIModule.dll_66603DF89A3B66A3.mvfrm" }}
,{ "pid":12345, "tid":8, "ts":1700786773849729, "dur":89, "ph":"X", "name": "CheckInputSignature",  "args": { "detail":"MovedFromExtractor Library/Bee/artifacts/mvdfrm/UnityEngine.PerformanceReportingModule.dll_75B0935CABAA3AC6.mvfrm" }}
,{ "pid":12345, "tid":8, "ts":1700786773849818, "dur":131, "ph":"X", "name": "OutputFilesMissingFor",  "args": { "detail":"" }}
,{ "pid":12345, "tid":8, "ts":1700786773849952, "dur":79, "ph":"X", "name": "OutputFilesMissingFor",  "args": { "detail":"" }}
,{ "pid":12345, "tid":8, "ts":1700786773850038, "dur":134, "ph":"X", "name": "CheckInputSignature",  "args": { "detail":"MovedFromExtractor Library/Bee/artifacts/mvdfrm/UnityEngine.StreamingModule.dll_772346AAC49E1D0E.mvfrm" }}
,{ "pid":12345, "tid":8, "ts":1700786773850172, "dur":67, "ph":"X", "name": "OutputFilesMissingFor",  "args": { "detail":"" }}
,{ "pid":12345, "tid":8, "ts":1700786773850241, "dur":147, "ph":"X", "name": "CheckInputSignature",  "args": { "detail":"MovedFromExtractor Library/Bee/artifacts/mvdfrm/UnityEngine.UnityWebRequestWWWModule.dll_810B07558DF3722F.mvfrm" }}
,{ "pid":12345, "tid":8, "ts":1700786773850388, "dur":92, "ph":"X", "name": "OutputFilesMissingFor",  "args": { "detail":"" }}
,{ "pid":12345, "tid":8, "ts":1700786773850482, "dur":113, "ph":"X", "name": "CheckInputSignature",  "args": { "detail":"MovedFromExtractor Library/Bee/artifacts/mvdfrm/UnityEngine.UnityAnalyticsModule.dll_1E3C6BF1D9137A89.mvfrm" }}
,{ "pid":12345, "tid":8, "ts":1700786773850646, "dur":81, "ph":"X", "name": "CheckInputSignature",  "args": { "detail":"MovedFromExtractor Library/Bee/artifacts/mvdfrm/UnityEngine.TextCoreTextEngineModule.dll_B648C1F99E33B5C3.mvfrm" }}
,{ "pid":12345, "tid":8, "ts":1700786773850727, "dur":65, "ph":"X", "name": "OutputFilesMissingFor",  "args": { "detail":"" }}
,{ "pid":12345, "tid":8, "ts":1700786773850795, "dur":58, "ph":"X", "name": "CheckInputSignature",  "args": { "detail":"MovedFromExtractor Library/Bee/artifacts/mvdfrm/UnityEditor.WebGL.Extensions.dll_A5FF7AD27DFE99B4.mvfrm" }}
,{ "pid":12345, "tid":8, "ts":1700786773850854, "dur":68, "ph":"X", "name": "OutputFilesMissingFor",  "args": { "detail":"" }}
,{ "pid":12345, "tid":8, "ts":1700786773850926, "dur":1764, "ph":"X", "name": "CheckInputSignature",  "args": { "detail":"MovedFromExtractor-Combine Library/Bee/artifacts/200b0aE.dag/UnityEngine.UI.dll.mvfrm" }}
,{ "pid":12345, "tid":8, "ts":1700786773852735, "dur":7246, "ph":"X", "name": "CheckInputSignature",  "args": { "detail":"Csc Library/Bee/artifacts/200b0aE.dag/UnityEngine.UI.dll (+2 others)" }}
,{ "pid":12345, "tid":8, "ts":1700786773860056, "dur":235, "ph":"X", "name": "CheckInputSignature",  "args": { "detail":"Csc Library/Bee/artifacts/200b0aE.dag/UnityEditor.UI.dll (+2 others)" }}
,{ "pid":12345, "tid":8, "ts":1700786773860374, "dur":471, "ph":"X", "name": "CheckInputSignature",  "args": { "detail":"Csc Library/Bee/artifacts/200b0aE.dag/Unity.Mathematics.dll (+2 others)" }}
,{ "pid":12345, "tid":8, "ts":1700786773860845, "dur":128, "ph":"X", "name": "OutputFilesMissingFor",  "args": { "detail":"" }}
,{ "pid":12345, "tid":8, "ts":1700786773861015, "dur":156, "ph":"X", "name": "CheckInputSignature",  "args": { "detail":"MovedFromExtractor-Combine Library/Bee/artifacts/200b0aE.dag/Unity.RenderPipelines.Core.Runtime.dll.mvfrm" }}
,{ "pid":12345, "tid":8, "ts":1700786773861195, "dur":1132, "ph":"X", "name": "CheckInputSignature",  "args": { "detail":"Csc Library/Bee/artifacts/200b0aE.dag/Unity.RenderPipelines.Core.Runtime.dll (+2 others)" }}
,{ "pid":12345, "tid":8, "ts":1700786773862388, "dur":237, "ph":"X", "name": "CheckInputSignature",  "args": { "detail":"Csc Library/Bee/artifacts/200b0aE.dag/Unity.RenderPipelines.Core.Editor.dll (+2 others)" }}
,{ "pid":12345, "tid":8, "ts":1700786773862698, "dur":554, "ph":"X", "name": "CheckInputSignature",  "args": { "detail":"Csc Library/Bee/artifacts/200b0aE.dag/Unity.ShaderGraph.Editor.dll (+2 others)" }}
,{ "pid":12345, "tid":8, "ts":1700786773863268, "dur":50, "ph":"X", "name": "CheckInputSignature",  "args": { "detail":"MovedFromExtractor-Combine Library/Bee/artifacts/200b0aE.dag/Assembly-CSharp.dll.mvfrm" }}
,{ "pid":12345, "tid":8, "ts":1700786773863324, "dur":148, "ph":"X", "name": "CheckInputSignature",  "args": { "detail":"Csc Library/Bee/artifacts/200b0aE.dag/Assembly-CSharp.dll (+2 others)" }}
,{ "pid":12345, "tid":8, "ts":1700786773863814, "dur":193129, "ph":"X", "name": "Csc",  "args": { "detail":"Library/Bee/artifacts/200b0aE.dag/Assembly-CSharp.dll (+2 others)" }}
,{ "pid":12345, "tid":8, "ts":1700786774057653, "dur":351, "ph":"X", "name": "CopyFiles",  "args": { "detail":"Library/ScriptAssemblies/Assembly-CSharp.dll" }}
,{ "pid":12345, "tid":0, "ts":1700786774060090, "dur":252, "ph":"X", "name": "ProfilerWriteOutput" }
,{ "pid": 652, "tid": 2815, "ts": 1700786774061302, "dur": 101078, "ph": "X", "name": "Wait for external events", "args": {"First to finish": "backend1.traceevents"} },
{ "pid": 652, "tid": 2815, "ts": 1700786774162514, "dur": 525, "ph": "X", "name": "backend1.traceevents", "args": {} },
{ "pid": 652, "tid": 2815, "ts": 1700786774060993, "dur": 102108, "ph": "X", "name": "Write chrome-trace events", "args": {} },
{}

]
}
