{"msg":"init","dagFile":"Library/Bee/200b0aE.dag","targets":["ScriptAssemblies"]}
{"msg":"enqueueNode","enqueuedNodeAnnotation":"ScriptAssemblies","enqueuedNodeIndex":6}
{"msg":"enqueueNode","enqueuedNodeAnnotation":"MovedFromExtractor Library/Bee/artifacts/mvdfrm/UnityEditor.WebGL.Extensions.dll_A5FF7AD27DFE99B4.mvfrm","enqueuedNodeIndex":5,"enqueueingNodeAnnotation":"ScriptAssemblies","enqueueingNodeIndex":6}
{"msg":"enqueueNode","enqueuedNodeAnnotation":"MovedFromExtractor Library/Bee/artifacts/mvdfrm/UnityEditor.Graphs.dll_751D4997512E220E.mvfrm","enqueuedNodeIndex":7,"enqueueingNodeAnnotation":"ScriptAssemblies","enqueueingNodeIndex":6}
{"msg":"enqueueNode","enqueuedNodeAnnotation":"MovedFromExtractor Library/Bee/artifacts/mvdfrm/UnityEditor.CoreModule.dll_0E0E445C8A8A73DC.mvfrm","enqueuedNodeIndex":8,"enqueueingNodeAnnotation":"ScriptAssemblies","enqueueingNodeIndex":6}
{"msg":"enqueueNode","enqueuedNodeAnnotation":"MovedFromExtractor Library/Bee/artifacts/mvdfrm/UnityEditor.DeviceSimulatorModule.dll_3D5EEB96F5F5A4A5.mvfrm","enqueuedNodeIndex":9,"enqueueingNodeAnnotation":"ScriptAssemblies","enqueueingNodeIndex":6}
{"msg":"enqueueNode","enqueuedNodeAnnotation":"MovedFromExtractor Library/Bee/artifacts/mvdfrm/UnityEditor.DiagnosticsModule.dll_D0682932EA88A5B3.mvfrm","enqueuedNodeIndex":10,"enqueueingNodeAnnotation":"ScriptAssemblies","enqueueingNodeIndex":6}
{"msg":"enqueueNode","enqueuedNodeAnnotation":"MovedFromExtractor Library/Bee/artifacts/mvdfrm/UnityEditor.dll_DED654ECFA116EF9.mvfrm","enqueuedNodeIndex":11,"enqueueingNodeAnnotation":"ScriptAssemblies","enqueueingNodeIndex":6}
{"msg":"enqueueNode","enqueuedNodeAnnotation":"MovedFromExtractor Library/Bee/artifacts/mvdfrm/UnityEditor.EditorToolbarModule.dll_D096BC35BDBE2FD5.mvfrm","enqueuedNodeIndex":12,"enqueueingNodeAnnotation":"ScriptAssemblies","enqueueingNodeIndex":6}
{"msg":"enqueueNode","enqueuedNodeAnnotation":"MovedFromExtractor Library/Bee/artifacts/mvdfrm/UnityEditor.GraphToolsFoundationModule.dll_A3A02263971BDABD.mvfrm","enqueuedNodeIndex":13,"enqueueingNodeAnnotation":"ScriptAssemblies","enqueueingNodeIndex":6}
{"msg":"enqueueNode","enqueuedNodeAnnotation":"MovedFromExtractor Library/Bee/artifacts/mvdfrm/UnityEditor.GraphViewModule.dll_F408DD319AB9912A.mvfrm","enqueuedNodeIndex":14,"enqueueingNodeAnnotation":"ScriptAssemblies","enqueueingNodeIndex":6}
{"msg":"enqueueNode","enqueuedNodeAnnotation":"MovedFromExtractor Library/Bee/artifacts/mvdfrm/UnityEditor.PresetsUIModule.dll_AF6F16139D11E92F.mvfrm","enqueuedNodeIndex":15,"enqueueingNodeAnnotation":"ScriptAssemblies","enqueueingNodeIndex":6}
{"msg":"enqueueNode","enqueuedNodeAnnotation":"MovedFromExtractor Library/Bee/artifacts/mvdfrm/UnityEditor.PropertiesModule.dll_075B91D78DC8B850.mvfrm","enqueuedNodeIndex":16,"enqueueingNodeAnnotation":"ScriptAssemblies","enqueueingNodeIndex":6}
{"msg":"enqueueNode","enqueuedNodeAnnotation":"MovedFromExtractor Library/Bee/artifacts/mvdfrm/UnityEditor.QuickSearchModule.dll_5B77AA40435FA20C.mvfrm","enqueuedNodeIndex":17,"enqueueingNodeAnnotation":"ScriptAssemblies","enqueueingNodeIndex":6}
{"msg":"enqueueNode","enqueuedNodeAnnotation":"MovedFromExtractor Library/Bee/artifacts/mvdfrm/UnityEditor.SceneTemplateModule.dll_F4362CF3BCAADA0D.mvfrm","enqueuedNodeIndex":18,"enqueueingNodeAnnotation":"ScriptAssemblies","enqueueingNodeIndex":6}
{"msg":"enqueueNode","enqueuedNodeAnnotation":"MovedFromExtractor Library/Bee/artifacts/mvdfrm/UnityEditor.SceneViewModule.dll_32B8C0398FDC5E38.mvfrm","enqueuedNodeIndex":19,"enqueueingNodeAnnotation":"ScriptAssemblies","enqueueingNodeIndex":6}
{"msg":"enqueueNode","enqueuedNodeAnnotation":"MovedFromExtractor Library/Bee/artifacts/mvdfrm/UnityEditor.TerrainModule.dll_9B1A0C50C91DAB7C.mvfrm","enqueuedNodeIndex":20,"enqueueingNodeAnnotation":"ScriptAssemblies","enqueueingNodeIndex":6}
{"msg":"enqueueNode","enqueuedNodeAnnotation":"MovedFromExtractor Library/Bee/artifacts/mvdfrm/UnityEditor.TextCoreFontEngineModule.dll_F0011034FBB23DDA.mvfrm","enqueuedNodeIndex":21,"enqueueingNodeAnnotation":"ScriptAssemblies","enqueueingNodeIndex":6}
{"msg":"enqueueNode","enqueuedNodeAnnotation":"MovedFromExtractor Library/Bee/artifacts/mvdfrm/UnityEditor.TextCoreTextEngineModule.dll_37E946A68B35F6F8.mvfrm","enqueuedNodeIndex":22,"enqueueingNodeAnnotation":"ScriptAssemblies","enqueueingNodeIndex":6}
{"msg":"enqueueNode","enqueuedNodeAnnotation":"MovedFromExtractor Library/Bee/artifacts/mvdfrm/UnityEditor.UIBuilderModule.dll_48918A4E0D720A5E.mvfrm","enqueuedNodeIndex":23,"enqueueingNodeAnnotation":"ScriptAssemblies","enqueueingNodeIndex":6}
{"msg":"enqueueNode","enqueuedNodeAnnotation":"MovedFromExtractor Library/Bee/artifacts/mvdfrm/UnityEditor.UIElementsModule.dll_32388CF30DC10D98.mvfrm","enqueuedNodeIndex":24,"enqueueingNodeAnnotation":"ScriptAssemblies","enqueueingNodeIndex":6}
{"msg":"enqueueNode","enqueuedNodeAnnotation":"MovedFromExtractor Library/Bee/artifacts/mvdfrm/UnityEditor.UIElementsSamplesModule.dll_26685BB7E409F555.mvfrm","enqueuedNodeIndex":25,"enqueueingNodeAnnotation":"ScriptAssemblies","enqueueingNodeIndex":6}
{"msg":"enqueueNode","enqueuedNodeAnnotation":"MovedFromExtractor Library/Bee/artifacts/mvdfrm/UnityEditor.UnityConnectModule.dll_92B9A7E7348D1092.mvfrm","enqueuedNodeIndex":26,"enqueueingNodeAnnotation":"ScriptAssemblies","enqueueingNodeIndex":6}
{"msg":"enqueueNode","enqueuedNodeAnnotation":"MovedFromExtractor Library/Bee/artifacts/mvdfrm/UnityEngine.AccessibilityModule.dll_26DB988ABD2101AA.mvfrm","enqueuedNodeIndex":27,"enqueueingNodeAnnotation":"ScriptAssemblies","enqueueingNodeIndex":6}
{"msg":"enqueueNode","enqueuedNodeAnnotation":"MovedFromExtractor Library/Bee/artifacts/mvdfrm/UnityEngine.AIModule.dll_D50159E8C0025EB0.mvfrm","enqueuedNodeIndex":28,"enqueueingNodeAnnotation":"ScriptAssemblies","enqueueingNodeIndex":6}
{"msg":"enqueueNode","enqueuedNodeAnnotation":"MovedFromExtractor Library/Bee/artifacts/mvdfrm/UnityEngine.AndroidJNIModule.dll_B08175C656E07C6E.mvfrm","enqueuedNodeIndex":29,"enqueueingNodeAnnotation":"ScriptAssemblies","enqueueingNodeIndex":6}
{"msg":"enqueueNode","enqueuedNodeAnnotation":"MovedFromExtractor Library/Bee/artifacts/mvdfrm/UnityEngine.AnimationModule.dll_C28E595A751665D0.mvfrm","enqueuedNodeIndex":30,"enqueueingNodeAnnotation":"ScriptAssemblies","enqueueingNodeIndex":6}
{"msg":"enqueueNode","enqueuedNodeAnnotation":"MovedFromExtractor Library/Bee/artifacts/mvdfrm/UnityEngine.ARModule.dll_8E741EEC1D1FBD79.mvfrm","enqueuedNodeIndex":31,"enqueueingNodeAnnotation":"ScriptAssemblies","enqueueingNodeIndex":6}
{"msg":"enqueueNode","enqueuedNodeAnnotation":"MovedFromExtractor Library/Bee/artifacts/mvdfrm/UnityEngine.AssetBundleModule.dll_9F60DD31A5C656FE.mvfrm","enqueuedNodeIndex":32,"enqueueingNodeAnnotation":"ScriptAssemblies","enqueueingNodeIndex":6}
{"msg":"enqueueNode","enqueuedNodeAnnotation":"MovedFromExtractor Library/Bee/artifacts/mvdfrm/UnityEngine.AudioModule.dll_2E009E91D409D2C2.mvfrm","enqueuedNodeIndex":33,"enqueueingNodeAnnotation":"ScriptAssemblies","enqueueingNodeIndex":6}
{"msg":"enqueueNode","enqueuedNodeAnnotation":"MovedFromExtractor Library/Bee/artifacts/mvdfrm/UnityEngine.ClothModule.dll_94E8FB8CAE26B1A6.mvfrm","enqueuedNodeIndex":34,"enqueueingNodeAnnotation":"ScriptAssemblies","enqueueingNodeIndex":6}
{"msg":"enqueueNode","enqueuedNodeAnnotation":"MovedFromExtractor Library/Bee/artifacts/mvdfrm/UnityEngine.ClusterInputModule.dll_12561CFCE614E358.mvfrm","enqueuedNodeIndex":35,"enqueueingNodeAnnotation":"ScriptAssemblies","enqueueingNodeIndex":6}
{"msg":"enqueueNode","enqueuedNodeAnnotation":"MovedFromExtractor Library/Bee/artifacts/mvdfrm/UnityEngine.ClusterRendererModule.dll_430BAE0865B0B229.mvfrm","enqueuedNodeIndex":36,"enqueueingNodeAnnotation":"ScriptAssemblies","enqueueingNodeIndex":6}
{"msg":"enqueueNode","enqueuedNodeAnnotation":"MovedFromExtractor Library/Bee/artifacts/mvdfrm/UnityEngine.CommandStateObserverModule.dll_546415CBD9374B94.mvfrm","enqueuedNodeIndex":37,"enqueueingNodeAnnotation":"ScriptAssemblies","enqueueingNodeIndex":6}
{"msg":"enqueueNode","enqueuedNodeAnnotation":"MovedFromExtractor Library/Bee/artifacts/mvdfrm/UnityEngine.ContentLoadModule.dll_387736727448FEEB.mvfrm","enqueuedNodeIndex":38,"enqueueingNodeAnnotation":"ScriptAssemblies","enqueueingNodeIndex":6}
{"msg":"enqueueNode","enqueuedNodeAnnotation":"MovedFromExtractor Library/Bee/artifacts/mvdfrm/UnityEngine.CoreModule.dll_312F17AF328FDF07.mvfrm","enqueuedNodeIndex":39,"enqueueingNodeAnnotation":"ScriptAssemblies","enqueueingNodeIndex":6}
{"msg":"enqueueNode","enqueuedNodeAnnotation":"MovedFromExtractor Library/Bee/artifacts/mvdfrm/UnityEngine.CrashReportingModule.dll_AB8AB1DBBEDA9CFF.mvfrm","enqueuedNodeIndex":40,"enqueueingNodeAnnotation":"ScriptAssemblies","enqueueingNodeIndex":6}
{"msg":"enqueueNode","enqueuedNodeAnnotation":"MovedFromExtractor Library/Bee/artifacts/mvdfrm/UnityEngine.DirectorModule.dll_34E4C32D723836E4.mvfrm","enqueuedNodeIndex":41,"enqueueingNodeAnnotation":"ScriptAssemblies","enqueueingNodeIndex":6}
{"msg":"enqueueNode","enqueuedNodeAnnotation":"MovedFromExtractor Library/Bee/artifacts/mvdfrm/UnityEngine.dll_117A9BC55884FBDE.mvfrm","enqueuedNodeIndex":42,"enqueueingNodeAnnotation":"ScriptAssemblies","enqueueingNodeIndex":6}
{"msg":"enqueueNode","enqueuedNodeAnnotation":"MovedFromExtractor Library/Bee/artifacts/mvdfrm/UnityEngine.DSPGraphModule.dll_3A362496E4990805.mvfrm","enqueuedNodeIndex":43,"enqueueingNodeAnnotation":"ScriptAssemblies","enqueueingNodeIndex":6}
{"msg":"enqueueNode","enqueuedNodeAnnotation":"MovedFromExtractor Library/Bee/artifacts/mvdfrm/UnityEngine.GameCenterModule.dll_DACEBFE11D216D5F.mvfrm","enqueuedNodeIndex":44,"enqueueingNodeAnnotation":"ScriptAssemblies","enqueueingNodeIndex":6}
{"msg":"enqueueNode","enqueuedNodeAnnotation":"MovedFromExtractor Library/Bee/artifacts/mvdfrm/UnityEngine.GIModule.dll_6D3DA2F65BB146CA.mvfrm","enqueuedNodeIndex":45,"enqueueingNodeAnnotation":"ScriptAssemblies","enqueueingNodeIndex":6}
{"msg":"enqueueNode","enqueuedNodeAnnotation":"MovedFromExtractor Library/Bee/artifacts/mvdfrm/UnityEngine.GraphToolsFoundationModule.dll_27132F7B0BF130E8.mvfrm","enqueuedNodeIndex":46,"enqueueingNodeAnnotation":"ScriptAssemblies","enqueueingNodeIndex":6}
{"msg":"enqueueNode","enqueuedNodeAnnotation":"MovedFromExtractor Library/Bee/artifacts/mvdfrm/UnityEngine.GridModule.dll_0EA0339D4AE474FE.mvfrm","enqueuedNodeIndex":47,"enqueueingNodeAnnotation":"ScriptAssemblies","enqueueingNodeIndex":6}
{"msg":"enqueueNode","enqueuedNodeAnnotation":"MovedFromExtractor Library/Bee/artifacts/mvdfrm/UnityEngine.HotReloadModule.dll_43D7176050498152.mvfrm","enqueuedNodeIndex":48,"enqueueingNodeAnnotation":"ScriptAssemblies","enqueueingNodeIndex":6}
{"msg":"enqueueNode","enqueuedNodeAnnotation":"MovedFromExtractor Library/Bee/artifacts/mvdfrm/UnityEngine.ImageConversionModule.dll_AEFDABB8E7D56A1D.mvfrm","enqueuedNodeIndex":49,"enqueueingNodeAnnotation":"ScriptAssemblies","enqueueingNodeIndex":6}
{"msg":"enqueueNode","enqueuedNodeAnnotation":"MovedFromExtractor Library/Bee/artifacts/mvdfrm/UnityEngine.IMGUIModule.dll_66603DF89A3B66A3.mvfrm","enqueuedNodeIndex":50,"enqueueingNodeAnnotation":"ScriptAssemblies","enqueueingNodeIndex":6}
{"msg":"enqueueNode","enqueuedNodeAnnotation":"MovedFromExtractor Library/Bee/artifacts/mvdfrm/UnityEngine.InputLegacyModule.dll_30A5F8503DB80CEF.mvfrm","enqueuedNodeIndex":51,"enqueueingNodeAnnotation":"ScriptAssemblies","enqueueingNodeIndex":6}
{"msg":"enqueueNode","enqueuedNodeAnnotation":"MovedFromExtractor Library/Bee/artifacts/mvdfrm/UnityEngine.InputModule.dll_947666424A41F766.mvfrm","enqueuedNodeIndex":52,"enqueueingNodeAnnotation":"ScriptAssemblies","enqueueingNodeIndex":6}
{"msg":"enqueueNode","enqueuedNodeAnnotation":"MovedFromExtractor Library/Bee/artifacts/mvdfrm/UnityEngine.JSONSerializeModule.dll_86F321C6BC5C6234.mvfrm","enqueuedNodeIndex":53,"enqueueingNodeAnnotation":"ScriptAssemblies","enqueueingNodeIndex":6}
{"msg":"enqueueNode","enqueuedNodeAnnotation":"MovedFromExtractor Library/Bee/artifacts/mvdfrm/UnityEngine.LocalizationModule.dll_50A2E74F7D90D651.mvfrm","enqueuedNodeIndex":54,"enqueueingNodeAnnotation":"ScriptAssemblies","enqueueingNodeIndex":6}
{"msg":"enqueueNode","enqueuedNodeAnnotation":"MovedFromExtractor Library/Bee/artifacts/mvdfrm/UnityEngine.MarshallingModule.dll_47C97BC689EE8450.mvfrm","enqueuedNodeIndex":55,"enqueueingNodeAnnotation":"ScriptAssemblies","enqueueingNodeIndex":6}
{"msg":"enqueueNode","enqueuedNodeAnnotation":"MovedFromExtractor Library/Bee/artifacts/mvdfrm/UnityEngine.ParticleSystemModule.dll_FE9CFB282CEC288D.mvfrm","enqueuedNodeIndex":56,"enqueueingNodeAnnotation":"ScriptAssemblies","enqueueingNodeIndex":6}
{"msg":"enqueueNode","enqueuedNodeAnnotation":"MovedFromExtractor Library/Bee/artifacts/mvdfrm/UnityEngine.PerformanceReportingModule.dll_75B0935CABAA3AC6.mvfrm","enqueuedNodeIndex":57,"enqueueingNodeAnnotation":"ScriptAssemblies","enqueueingNodeIndex":6}
{"msg":"enqueueNode","enqueuedNodeAnnotation":"MovedFromExtractor Library/Bee/artifacts/mvdfrm/UnityEngine.Physics2DModule.dll_0F34494B16135D65.mvfrm","enqueuedNodeIndex":58,"enqueueingNodeAnnotation":"ScriptAssemblies","enqueueingNodeIndex":6}
{"msg":"enqueueNode","enqueuedNodeAnnotation":"MovedFromExtractor Library/Bee/artifacts/mvdfrm/UnityEngine.PhysicsModule.dll_734E498C586E49D3.mvfrm","enqueuedNodeIndex":59,"enqueueingNodeAnnotation":"ScriptAssemblies","enqueueingNodeIndex":6}
{"msg":"enqueueNode","enqueuedNodeAnnotation":"MovedFromExtractor Library/Bee/artifacts/mvdfrm/UnityEngine.ProfilerModule.dll_672AFC640B91BDF1.mvfrm","enqueuedNodeIndex":60,"enqueueingNodeAnnotation":"ScriptAssemblies","enqueueingNodeIndex":6}
{"msg":"enqueueNode","enqueuedNodeAnnotation":"MovedFromExtractor Library/Bee/artifacts/mvdfrm/UnityEngine.PropertiesModule.dll_0809FF1F900CD19B.mvfrm","enqueuedNodeIndex":61,"enqueueingNodeAnnotation":"ScriptAssemblies","enqueueingNodeIndex":6}
{"msg":"enqueueNode","enqueuedNodeAnnotation":"MovedFromExtractor Library/Bee/artifacts/mvdfrm/UnityEngine.RuntimeInitializeOnLoadManagerInitializerModule.dll_B81B84621D47182E.mvfrm","enqueuedNodeIndex":62,"enqueueingNodeAnnotation":"ScriptAssemblies","enqueueingNodeIndex":6}
{"msg":"enqueueNode","enqueuedNodeAnnotation":"MovedFromExtractor Library/Bee/artifacts/mvdfrm/UnityEngine.ScreenCaptureModule.dll_A0DACF4BD0C88E96.mvfrm","enqueuedNodeIndex":63,"enqueueingNodeAnnotation":"ScriptAssemblies","enqueueingNodeIndex":6}
{"msg":"enqueueNode","enqueuedNodeAnnotation":"MovedFromExtractor Library/Bee/artifacts/mvdfrm/UnityEngine.SharedInternalsModule.dll_330EEA8E5F03656D.mvfrm","enqueuedNodeIndex":64,"enqueueingNodeAnnotation":"ScriptAssemblies","enqueueingNodeIndex":6}
{"msg":"enqueueNode","enqueuedNodeAnnotation":"MovedFromExtractor Library/Bee/artifacts/mvdfrm/UnityEngine.SpriteMaskModule.dll_C3FB32713E9102D9.mvfrm","enqueuedNodeIndex":65,"enqueueingNodeAnnotation":"ScriptAssemblies","enqueueingNodeIndex":6}
{"msg":"enqueueNode","enqueuedNodeAnnotation":"MovedFromExtractor Library/Bee/artifacts/mvdfrm/UnityEngine.SpriteShapeModule.dll_B8C20A8C5B688F08.mvfrm","enqueuedNodeIndex":66,"enqueueingNodeAnnotation":"ScriptAssemblies","enqueueingNodeIndex":6}
{"msg":"enqueueNode","enqueuedNodeAnnotation":"MovedFromExtractor Library/Bee/artifacts/mvdfrm/UnityEngine.StreamingModule.dll_772346AAC49E1D0E.mvfrm","enqueuedNodeIndex":67,"enqueueingNodeAnnotation":"ScriptAssemblies","enqueueingNodeIndex":6}
{"msg":"enqueueNode","enqueuedNodeAnnotation":"MovedFromExtractor Library/Bee/artifacts/mvdfrm/UnityEngine.SubstanceModule.dll_53CE5AF40FF11B1C.mvfrm","enqueuedNodeIndex":68,"enqueueingNodeAnnotation":"ScriptAssemblies","enqueueingNodeIndex":6}
{"msg":"enqueueNode","enqueuedNodeAnnotation":"MovedFromExtractor Library/Bee/artifacts/mvdfrm/UnityEngine.SubsystemsModule.dll_2EA898D30CD8EAEC.mvfrm","enqueuedNodeIndex":69,"enqueueingNodeAnnotation":"ScriptAssemblies","enqueueingNodeIndex":6}
{"msg":"enqueueNode","enqueuedNodeAnnotation":"MovedFromExtractor Library/Bee/artifacts/mvdfrm/UnityEngine.TerrainModule.dll_8D94C4FB2E2C92C1.mvfrm","enqueuedNodeIndex":70,"enqueueingNodeAnnotation":"ScriptAssemblies","enqueueingNodeIndex":6}
{"msg":"enqueueNode","enqueuedNodeAnnotation":"MovedFromExtractor Library/Bee/artifacts/mvdfrm/UnityEngine.TerrainPhysicsModule.dll_FF17A3FB462F231A.mvfrm","enqueuedNodeIndex":71,"enqueueingNodeAnnotation":"ScriptAssemblies","enqueueingNodeIndex":6}
{"msg":"enqueueNode","enqueuedNodeAnnotation":"MovedFromExtractor Library/Bee/artifacts/mvdfrm/UnityEngine.TextCoreFontEngineModule.dll_6E608B880EAFFCA5.mvfrm","enqueuedNodeIndex":72,"enqueueingNodeAnnotation":"ScriptAssemblies","enqueueingNodeIndex":6}
{"msg":"enqueueNode","enqueuedNodeAnnotation":"MovedFromExtractor Library/Bee/artifacts/mvdfrm/UnityEngine.TextCoreTextEngineModule.dll_B648C1F99E33B5C3.mvfrm","enqueuedNodeIndex":73,"enqueueingNodeAnnotation":"ScriptAssemblies","enqueueingNodeIndex":6}
{"msg":"enqueueNode","enqueuedNodeAnnotation":"MovedFromExtractor Library/Bee/artifacts/mvdfrm/UnityEngine.TextRenderingModule.dll_CA1A415688000E8B.mvfrm","enqueuedNodeIndex":74,"enqueueingNodeAnnotation":"ScriptAssemblies","enqueueingNodeIndex":6}
{"msg":"enqueueNode","enqueuedNodeAnnotation":"MovedFromExtractor Library/Bee/artifacts/mvdfrm/UnityEngine.TilemapModule.dll_2C912C7C45E973CA.mvfrm","enqueuedNodeIndex":75,"enqueueingNodeAnnotation":"ScriptAssemblies","enqueueingNodeIndex":6}
{"msg":"enqueueNode","enqueuedNodeAnnotation":"MovedFromExtractor Library/Bee/artifacts/mvdfrm/UnityEngine.TLSModule.dll_BDBEFCD45ED16DE7.mvfrm","enqueuedNodeIndex":76,"enqueueingNodeAnnotation":"ScriptAssemblies","enqueueingNodeIndex":6}
{"msg":"enqueueNode","enqueuedNodeAnnotation":"MovedFromExtractor Library/Bee/artifacts/mvdfrm/UnityEngine.UIElementsModule.dll_32E6FA3B100526E3.mvfrm","enqueuedNodeIndex":77,"enqueueingNodeAnnotation":"ScriptAssemblies","enqueueingNodeIndex":6}
{"msg":"enqueueNode","enqueuedNodeAnnotation":"MovedFromExtractor Library/Bee/artifacts/mvdfrm/UnityEngine.UIModule.dll_D074F8161C49645C.mvfrm","enqueuedNodeIndex":78,"enqueueingNodeAnnotation":"ScriptAssemblies","enqueueingNodeIndex":6}
{"msg":"enqueueNode","enqueuedNodeAnnotation":"MovedFromExtractor Library/Bee/artifacts/mvdfrm/UnityEngine.UmbraModule.dll_A8D54AAA61307E35.mvfrm","enqueuedNodeIndex":79,"enqueueingNodeAnnotation":"ScriptAssemblies","enqueueingNodeIndex":6}
{"msg":"enqueueNode","enqueuedNodeAnnotation":"MovedFromExtractor Library/Bee/artifacts/mvdfrm/UnityEngine.UnityAnalyticsCommonModule.dll_10EF50A0C592D924.mvfrm","enqueuedNodeIndex":80,"enqueueingNodeAnnotation":"ScriptAssemblies","enqueueingNodeIndex":6}
{"msg":"enqueueNode","enqueuedNodeAnnotation":"MovedFromExtractor Library/Bee/artifacts/mvdfrm/UnityEngine.UnityAnalyticsModule.dll_1E3C6BF1D9137A89.mvfrm","enqueuedNodeIndex":81,"enqueueingNodeAnnotation":"ScriptAssemblies","enqueueingNodeIndex":6}
{"msg":"enqueueNode","enqueuedNodeAnnotation":"MovedFromExtractor Library/Bee/artifacts/mvdfrm/UnityEngine.UnityConnectModule.dll_80192BF62F15113D.mvfrm","enqueuedNodeIndex":82,"enqueueingNodeAnnotation":"ScriptAssemblies","enqueueingNodeIndex":6}
{"msg":"enqueueNode","enqueuedNodeAnnotation":"MovedFromExtractor Library/Bee/artifacts/mvdfrm/UnityEngine.UnityCurlModule.dll_F5AAFA8BE52A57BD.mvfrm","enqueuedNodeIndex":83,"enqueueingNodeAnnotation":"ScriptAssemblies","enqueueingNodeIndex":6}
{"msg":"enqueueNode","enqueuedNodeAnnotation":"MovedFromExtractor Library/Bee/artifacts/mvdfrm/UnityEngine.UnityTestProtocolModule.dll_E22B11AA3E054AAB.mvfrm","enqueuedNodeIndex":84,"enqueueingNodeAnnotation":"ScriptAssemblies","enqueueingNodeIndex":6}
{"msg":"enqueueNode","enqueuedNodeAnnotation":"MovedFromExtractor Library/Bee/artifacts/mvdfrm/UnityEngine.UnityWebRequestAssetBundleModule.dll_A372BB6ABBF2DC1A.mvfrm","enqueuedNodeIndex":85,"enqueueingNodeAnnotation":"ScriptAssemblies","enqueueingNodeIndex":6}
{"msg":"enqueueNode","enqueuedNodeAnnotation":"MovedFromExtractor Library/Bee/artifacts/mvdfrm/UnityEngine.UnityWebRequestAudioModule.dll_EDACE73B3215055E.mvfrm","enqueuedNodeIndex":86,"enqueueingNodeAnnotation":"ScriptAssemblies","enqueueingNodeIndex":6}
{"msg":"enqueueNode","enqueuedNodeAnnotation":"MovedFromExtractor Library/Bee/artifacts/mvdfrm/UnityEngine.UnityWebRequestModule.dll_C09CB362F2CA049C.mvfrm","enqueuedNodeIndex":87,"enqueueingNodeAnnotation":"ScriptAssemblies","enqueueingNodeIndex":6}
{"msg":"enqueueNode","enqueuedNodeAnnotation":"MovedFromExtractor Library/Bee/artifacts/mvdfrm/UnityEngine.UnityWebRequestTextureModule.dll_377F882828D512F3.mvfrm","enqueuedNodeIndex":88,"enqueueingNodeAnnotation":"ScriptAssemblies","enqueueingNodeIndex":6}
{"msg":"enqueueNode","enqueuedNodeAnnotation":"MovedFromExtractor Library/Bee/artifacts/mvdfrm/UnityEngine.UnityWebRequestWWWModule.dll_810B07558DF3722F.mvfrm","enqueuedNodeIndex":89,"enqueueingNodeAnnotation":"ScriptAssemblies","enqueueingNodeIndex":6}
{"msg":"enqueueNode","enqueuedNodeAnnotation":"MovedFromExtractor Library/Bee/artifacts/mvdfrm/UnityEngine.VehiclesModule.dll_ACA7BCACEC62067F.mvfrm","enqueuedNodeIndex":90,"enqueueingNodeAnnotation":"ScriptAssemblies","enqueueingNodeIndex":6}
{"msg":"enqueueNode","enqueuedNodeAnnotation":"MovedFromExtractor Library/Bee/artifacts/mvdfrm/UnityEngine.VFXModule.dll_3E9D9543353ED754.mvfrm","enqueuedNodeIndex":91,"enqueueingNodeAnnotation":"ScriptAssemblies","enqueueingNodeIndex":6}
{"msg":"enqueueNode","enqueuedNodeAnnotation":"MovedFromExtractor Library/Bee/artifacts/mvdfrm/UnityEngine.VideoModule.dll_530A22FC969BEE67.mvfrm","enqueuedNodeIndex":92,"enqueueingNodeAnnotation":"ScriptAssemblies","enqueueingNodeIndex":6}
{"msg":"enqueueNode","enqueuedNodeAnnotation":"MovedFromExtractor Library/Bee/artifacts/mvdfrm/UnityEngine.VirtualTexturingModule.dll_AFFA25405B5816E5.mvfrm","enqueuedNodeIndex":93,"enqueueingNodeAnnotation":"ScriptAssemblies","enqueueingNodeIndex":6}
{"msg":"enqueueNode","enqueuedNodeAnnotation":"MovedFromExtractor Library/Bee/artifacts/mvdfrm/UnityEngine.VRModule.dll_23471E9BBE03E9D4.mvfrm","enqueuedNodeIndex":94,"enqueueingNodeAnnotation":"ScriptAssemblies","enqueueingNodeIndex":6}
{"msg":"enqueueNode","enqueuedNodeAnnotation":"MovedFromExtractor Library/Bee/artifacts/mvdfrm/UnityEngine.WindModule.dll_A77DF2D7C3C65D70.mvfrm","enqueuedNodeIndex":95,"enqueueingNodeAnnotation":"ScriptAssemblies","enqueueingNodeIndex":6}
{"msg":"enqueueNode","enqueuedNodeAnnotation":"MovedFromExtractor Library/Bee/artifacts/mvdfrm/UnityEngine.XRModule.dll_5605E1A0473E3732.mvfrm","enqueuedNodeIndex":96,"enqueueingNodeAnnotation":"ScriptAssemblies","enqueueingNodeIndex":6}
{"msg":"enqueueNode","enqueuedNodeAnnotation":"MovedFromExtractor Library/Bee/artifacts/mvdfrm/UnityEditor.OSXStandalone.Extensions.dll_072CE0D6B4B94B2F.mvfrm","enqueuedNodeIndex":97,"enqueueingNodeAnnotation":"ScriptAssemblies","enqueueingNodeIndex":6}
{"msg":"enqueueNode","enqueuedNodeAnnotation":"MovedFromExtractor Library/Bee/artifacts/mvdfrm/UnityEngine.UI.ref.dll_79746E5030301F94.mvfrm","enqueuedNodeIndex":104,"enqueueingNodeAnnotation":"ScriptAssemblies","enqueueingNodeIndex":6}
{"msg":"enqueueNode","enqueuedNodeAnnotation":"Csc Library/Bee/artifacts/200b0aE.dag/UnityEngine.UI.dll (+2 others)","enqueuedNodeIndex":4,"enqueueingNodeAnnotation":"MovedFromExtractor Library/Bee/artifacts/mvdfrm/UnityEngine.UI.ref.dll_79746E5030301F94.mvfrm","enqueueingNodeIndex":104}
{"msg":"enqueueNode","enqueuedNodeAnnotation":"WriteText Library/Bee/artifacts/200b0aE.dag/UnityEngine.UI.UnityAdditionalFile.txt","enqueuedNodeIndex":1,"enqueueingNodeAnnotation":"Csc Library/Bee/artifacts/200b0aE.dag/UnityEngine.UI.dll (+2 others)","enqueueingNodeIndex":4}
{"msg":"enqueueNode","enqueuedNodeAnnotation":"WriteText Library/Bee/artifacts/200b0aE.dag/UnityEngine.UI.rsp","enqueuedNodeIndex":2,"enqueueingNodeAnnotation":"Csc Library/Bee/artifacts/200b0aE.dag/UnityEngine.UI.dll (+2 others)","enqueueingNodeIndex":4}
{"msg":"enqueueNode","enqueuedNodeAnnotation":"WriteText Library/Bee/artifacts/200b0aE.dag/UnityEngine.UI.rsp2","enqueuedNodeIndex":3,"enqueueingNodeAnnotation":"Csc Library/Bee/artifacts/200b0aE.dag/UnityEngine.UI.dll (+2 others)","enqueueingNodeIndex":4}
{"msg":"enqueueNode","enqueuedNodeAnnotation":"MovedFromExtractor-Combine Library/Bee/artifacts/200b0aE.dag/UnityEngine.UI.dll.mvfrm","enqueuedNodeIndex":99,"enqueueingNodeAnnotation":"Csc Library/Bee/artifacts/200b0aE.dag/UnityEngine.UI.dll (+2 others)","enqueueingNodeIndex":4}
{"msg":"enqueueNode","enqueuedNodeAnnotation":"WriteText Library/Bee/artifacts/200b0aE.dag/UnityEngine.UI.dll.mvfrm.rsp","enqueuedNodeIndex":98,"enqueueingNodeAnnotation":"MovedFromExtractor-Combine Library/Bee/artifacts/200b0aE.dag/UnityEngine.UI.dll.mvfrm","enqueueingNodeIndex":99}
{"msg":"enqueueNode","enqueuedNodeAnnotation":"MovedFromExtractor Library/Bee/artifacts/mvdfrm/UnityEngine.NVIDIAModule.dll_6F78C66AB0734A53.mvfrm","enqueuedNodeIndex":105,"enqueueingNodeAnnotation":"ScriptAssemblies","enqueueingNodeIndex":6}
{"msg":"enqueueNode","enqueuedNodeAnnotation":"MovedFromExtractor Library/Bee/artifacts/mvdfrm/UnityEditor.UI.ref.dll_BD0E97F52A0DF729.mvfrm","enqueuedNodeIndex":112,"enqueueingNodeAnnotation":"ScriptAssemblies","enqueueingNodeIndex":6}
{"msg":"enqueueNode","enqueuedNodeAnnotation":"Csc Library/Bee/artifacts/200b0aE.dag/UnityEditor.UI.dll (+2 others)","enqueuedNodeIndex":103,"enqueueingNodeAnnotation":"MovedFromExtractor Library/Bee/artifacts/mvdfrm/UnityEditor.UI.ref.dll_BD0E97F52A0DF729.mvfrm","enqueueingNodeIndex":112}
{"msg":"enqueueNode","enqueuedNodeAnnotation":"WriteText Library/Bee/artifacts/200b0aE.dag/UnityEditor.UI.UnityAdditionalFile.txt","enqueuedNodeIndex":100,"enqueueingNodeAnnotation":"Csc Library/Bee/artifacts/200b0aE.dag/UnityEditor.UI.dll (+2 others)","enqueueingNodeIndex":103}
{"msg":"enqueueNode","enqueuedNodeAnnotation":"WriteText Library/Bee/artifacts/200b0aE.dag/UnityEditor.UI.rsp","enqueuedNodeIndex":101,"enqueueingNodeAnnotation":"Csc Library/Bee/artifacts/200b0aE.dag/UnityEditor.UI.dll (+2 others)","enqueueingNodeIndex":103}
{"msg":"enqueueNode","enqueuedNodeAnnotation":"WriteText Library/Bee/artifacts/200b0aE.dag/UnityEditor.UI.rsp2","enqueuedNodeIndex":102,"enqueueingNodeAnnotation":"Csc Library/Bee/artifacts/200b0aE.dag/UnityEditor.UI.dll (+2 others)","enqueueingNodeIndex":103}
{"msg":"enqueueNode","enqueuedNodeAnnotation":"MovedFromExtractor-Combine Library/Bee/artifacts/200b0aE.dag/UnityEditor.UI.dll.mvfrm","enqueuedNodeIndex":107,"enqueueingNodeAnnotation":"Csc Library/Bee/artifacts/200b0aE.dag/UnityEditor.UI.dll (+2 others)","enqueueingNodeIndex":103}
{"msg":"enqueueNode","enqueuedNodeAnnotation":"WriteText Library/Bee/artifacts/200b0aE.dag/UnityEditor.UI.dll.mvfrm.rsp","enqueuedNodeIndex":106,"enqueueingNodeAnnotation":"MovedFromExtractor-Combine Library/Bee/artifacts/200b0aE.dag/UnityEditor.UI.dll.mvfrm","enqueueingNodeIndex":107}
{"msg":"enqueueNode","enqueuedNodeAnnotation":"MovedFromExtractor Library/Bee/artifacts/mvdfrm/Unity.Mathematics.ref.dll_4EAD86AD4C1B715A.mvfrm","enqueuedNodeIndex":155,"enqueueingNodeAnnotation":"ScriptAssemblies","enqueueingNodeIndex":6}
{"msg":"enqueueNode","enqueuedNodeAnnotation":"Csc Library/Bee/artifacts/200b0aE.dag/Unity.Mathematics.dll (+2 others)","enqueuedNodeIndex":118,"enqueueingNodeAnnotation":"MovedFromExtractor Library/Bee/artifacts/mvdfrm/Unity.Mathematics.ref.dll_4EAD86AD4C1B715A.mvfrm","enqueueingNodeIndex":155}
{"msg":"enqueueNode","enqueuedNodeAnnotation":"WriteText Library/Bee/artifacts/200b0aE.dag/Unity.Mathematics.UnityAdditionalFile.txt","enqueuedNodeIndex":115,"enqueueingNodeAnnotation":"Csc Library/Bee/artifacts/200b0aE.dag/Unity.Mathematics.dll (+2 others)","enqueueingNodeIndex":118}
{"msg":"enqueueNode","enqueuedNodeAnnotation":"WriteText Library/Bee/artifacts/200b0aE.dag/Unity.Mathematics.rsp","enqueuedNodeIndex":116,"enqueueingNodeAnnotation":"Csc Library/Bee/artifacts/200b0aE.dag/Unity.Mathematics.dll (+2 others)","enqueueingNodeIndex":118}
{"msg":"enqueueNode","enqueuedNodeAnnotation":"WriteText Library/Bee/artifacts/200b0aE.dag/Unity.Mathematics.rsp2","enqueuedNodeIndex":117,"enqueueingNodeAnnotation":"Csc Library/Bee/artifacts/200b0aE.dag/Unity.Mathematics.dll (+2 others)","enqueueingNodeIndex":118}
{"msg":"enqueueNode","enqueuedNodeAnnotation":"MovedFromExtractor-Combine Library/Bee/artifacts/200b0aE.dag/Unity.Mathematics.dll.mvfrm","enqueuedNodeIndex":120,"enqueueingNodeAnnotation":"Csc Library/Bee/artifacts/200b0aE.dag/Unity.Mathematics.dll (+2 others)","enqueueingNodeIndex":118}
{"msg":"enqueueNode","enqueuedNodeAnnotation":"WriteText Library/Bee/artifacts/200b0aE.dag/Unity.Mathematics.dll.mvfrm.rsp","enqueuedNodeIndex":119,"enqueueingNodeAnnotation":"MovedFromExtractor-Combine Library/Bee/artifacts/200b0aE.dag/Unity.Mathematics.dll.mvfrm","enqueueingNodeIndex":120}
{"msg":"enqueueNode","enqueuedNodeAnnotation":"MovedFromExtractor Library/Bee/artifacts/mvdfrm/Unity.Postprocessing.Runtime.ref.dll_9835F86260E556EF.mvfrm","enqueuedNodeIndex":162,"enqueueingNodeAnnotation":"ScriptAssemblies","enqueueingNodeIndex":6}
{"msg":"enqueueNode","enqueuedNodeAnnotation":"Csc Library/Bee/artifacts/200b0aE.dag/Unity.Postprocessing.Runtime.dll (+2 others)","enqueuedNodeIndex":124,"enqueueingNodeAnnotation":"MovedFromExtractor Library/Bee/artifacts/mvdfrm/Unity.Postprocessing.Runtime.ref.dll_9835F86260E556EF.mvfrm","enqueueingNodeIndex":162}
{"msg":"enqueueNode","enqueuedNodeAnnotation":"WriteText Library/Bee/artifacts/200b0aE.dag/Unity.Postprocessing.Runtime.UnityAdditionalFile.txt","enqueuedNodeIndex":121,"enqueueingNodeAnnotation":"Csc Library/Bee/artifacts/200b0aE.dag/Unity.Postprocessing.Runtime.dll (+2 others)","enqueueingNodeIndex":124}
{"msg":"enqueueNode","enqueuedNodeAnnotation":"WriteText Library/Bee/artifacts/200b0aE.dag/Unity.Postprocessing.Runtime.rsp","enqueuedNodeIndex":122,"enqueueingNodeAnnotation":"Csc Library/Bee/artifacts/200b0aE.dag/Unity.Postprocessing.Runtime.dll (+2 others)","enqueueingNodeIndex":124}
{"msg":"enqueueNode","enqueuedNodeAnnotation":"WriteText Library/Bee/artifacts/200b0aE.dag/Unity.Postprocessing.Runtime.rsp2","enqueuedNodeIndex":123,"enqueueingNodeAnnotation":"Csc Library/Bee/artifacts/200b0aE.dag/Unity.Postprocessing.Runtime.dll (+2 others)","enqueueingNodeIndex":124}
{"msg":"enqueueNode","enqueuedNodeAnnotation":"MovedFromExtractor-Combine Library/Bee/artifacts/200b0aE.dag/Unity.Postprocessing.Runtime.dll.mvfrm","enqueuedNodeIndex":126,"enqueueingNodeAnnotation":"Csc Library/Bee/artifacts/200b0aE.dag/Unity.Postprocessing.Runtime.dll (+2 others)","enqueueingNodeIndex":124}
{"msg":"enqueueNode","enqueuedNodeAnnotation":"WriteText Library/Bee/artifacts/200b0aE.dag/Unity.Postprocessing.Runtime.dll.mvfrm.rsp","enqueuedNodeIndex":125,"enqueueingNodeAnnotation":"MovedFromExtractor-Combine Library/Bee/artifacts/200b0aE.dag/Unity.Postprocessing.Runtime.dll.mvfrm","enqueueingNodeIndex":126}
{"msg":"enqueueNode","enqueuedNodeAnnotation":"MovedFromExtractor Library/Bee/artifacts/mvdfrm/Unity.RenderPipelines.Core.Runtime.ref.dll_AA9CC9DBDD612E3E.mvfrm","enqueuedNodeIndex":175,"enqueueingNodeAnnotation":"ScriptAssemblies","enqueueingNodeIndex":6}
{"msg":"enqueueNode","enqueuedNodeAnnotation":"Csc Library/Bee/artifacts/200b0aE.dag/Unity.RenderPipelines.Core.Runtime.dll (+2 others)","enqueuedNodeIndex":168,"enqueueingNodeAnnotation":"MovedFromExtractor Library/Bee/artifacts/mvdfrm/Unity.RenderPipelines.Core.Runtime.ref.dll_AA9CC9DBDD612E3E.mvfrm","enqueueingNodeIndex":175}
{"msg":"enqueueNode","enqueuedNodeAnnotation":"WriteText Library/Bee/artifacts/200b0aE.dag/Unity.RenderPipelines.Core.Runtime.UnityAdditionalFile.txt","enqueuedNodeIndex":165,"enqueueingNodeAnnotation":"Csc Library/Bee/artifacts/200b0aE.dag/Unity.RenderPipelines.Core.Runtime.dll (+2 others)","enqueueingNodeIndex":168}
{"msg":"enqueueNode","enqueuedNodeAnnotation":"WriteText Library/Bee/artifacts/200b0aE.dag/Unity.RenderPipelines.Core.Runtime.rsp","enqueuedNodeIndex":166,"enqueueingNodeAnnotation":"Csc Library/Bee/artifacts/200b0aE.dag/Unity.RenderPipelines.Core.Runtime.dll (+2 others)","enqueueingNodeIndex":168}
{"msg":"enqueueNode","enqueuedNodeAnnotation":"WriteText Library/Bee/artifacts/200b0aE.dag/Unity.RenderPipelines.Core.Runtime.rsp2","enqueuedNodeIndex":167,"enqueueingNodeAnnotation":"Csc Library/Bee/artifacts/200b0aE.dag/Unity.RenderPipelines.Core.Runtime.dll (+2 others)","enqueueingNodeIndex":168}
{"msg":"enqueueNode","enqueuedNodeAnnotation":"MovedFromExtractor-Combine Library/Bee/artifacts/200b0aE.dag/Unity.RenderPipelines.Core.Runtime.dll.mvfrm","enqueuedNodeIndex":170,"enqueueingNodeAnnotation":"Csc Library/Bee/artifacts/200b0aE.dag/Unity.RenderPipelines.Core.Runtime.dll (+2 others)","enqueueingNodeIndex":168}
{"msg":"enqueueNode","enqueuedNodeAnnotation":"WriteText Library/Bee/artifacts/200b0aE.dag/Unity.RenderPipelines.Core.Runtime.dll.mvfrm.rsp","enqueuedNodeIndex":169,"enqueueingNodeAnnotation":"MovedFromExtractor-Combine Library/Bee/artifacts/200b0aE.dag/Unity.RenderPipelines.Core.Runtime.dll.mvfrm","enqueueingNodeIndex":170}
{"msg":"enqueueNode","enqueuedNodeAnnotation":"MovedFromExtractor Library/Bee/artifacts/mvdfrm/Unity.RenderPipelines.Core.Editor.ref.dll_57B051C6BAF6DF9D.mvfrm","enqueuedNodeIndex":182,"enqueueingNodeAnnotation":"ScriptAssemblies","enqueueingNodeIndex":6}
{"msg":"enqueueNode","enqueuedNodeAnnotation":"Csc Library/Bee/artifacts/200b0aE.dag/Unity.RenderPipelines.Core.Editor.dll (+2 others)","enqueuedNodeIndex":174,"enqueueingNodeAnnotation":"MovedFromExtractor Library/Bee/artifacts/mvdfrm/Unity.RenderPipelines.Core.Editor.ref.dll_57B051C6BAF6DF9D.mvfrm","enqueueingNodeIndex":182}
{"msg":"enqueueNode","enqueuedNodeAnnotation":"WriteText Library/Bee/artifacts/200b0aE.dag/Unity.RenderPipelines.Core.Editor.UnityAdditionalFile.txt","enqueuedNodeIndex":171,"enqueueingNodeAnnotation":"Csc Library/Bee/artifacts/200b0aE.dag/Unity.RenderPipelines.Core.Editor.dll (+2 others)","enqueueingNodeIndex":174}
{"msg":"enqueueNode","enqueuedNodeAnnotation":"WriteText Library/Bee/artifacts/200b0aE.dag/Unity.RenderPipelines.Core.Editor.rsp","enqueuedNodeIndex":172,"enqueueingNodeAnnotation":"Csc Library/Bee/artifacts/200b0aE.dag/Unity.RenderPipelines.Core.Editor.dll (+2 others)","enqueueingNodeIndex":174}
{"msg":"enqueueNode","enqueuedNodeAnnotation":"WriteText Library/Bee/artifacts/200b0aE.dag/Unity.RenderPipelines.Core.Editor.rsp2","enqueuedNodeIndex":173,"enqueueingNodeAnnotation":"Csc Library/Bee/artifacts/200b0aE.dag/Unity.RenderPipelines.Core.Editor.dll (+2 others)","enqueueingNodeIndex":174}
{"msg":"enqueueNode","enqueuedNodeAnnotation":"MovedFromExtractor-Combine Library/Bee/artifacts/200b0aE.dag/Unity.RenderPipelines.Core.Editor.dll.mvfrm","enqueuedNodeIndex":177,"enqueueingNodeAnnotation":"Csc Library/Bee/artifacts/200b0aE.dag/Unity.RenderPipelines.Core.Editor.dll (+2 others)","enqueueingNodeIndex":174}
{"msg":"enqueueNode","enqueuedNodeAnnotation":"WriteText Library/Bee/artifacts/200b0aE.dag/Unity.RenderPipelines.Core.Editor.dll.mvfrm.rsp","enqueuedNodeIndex":176,"enqueueingNodeAnnotation":"MovedFromExtractor-Combine Library/Bee/artifacts/200b0aE.dag/Unity.RenderPipelines.Core.Editor.dll.mvfrm","enqueueingNodeIndex":177}
{"msg":"enqueueNode","enqueuedNodeAnnotation":"MovedFromExtractor Library/Bee/artifacts/mvdfrm/Unity.Searcher.Editor.ref.dll_188082AF4C893B1A.mvfrm","enqueuedNodeIndex":183,"enqueueingNodeAnnotation":"ScriptAssemblies","enqueueingNodeIndex":6}
{"msg":"enqueueNode","enqueuedNodeAnnotation":"Csc Library/Bee/artifacts/200b0aE.dag/Unity.Searcher.Editor.dll (+2 others)","enqueuedNodeIndex":142,"enqueueingNodeAnnotation":"MovedFromExtractor Library/Bee/artifacts/mvdfrm/Unity.Searcher.Editor.ref.dll_188082AF4C893B1A.mvfrm","enqueueingNodeIndex":183}
{"msg":"enqueueNode","enqueuedNodeAnnotation":"WriteText Library/Bee/artifacts/200b0aE.dag/Unity.Searcher.Editor.UnityAdditionalFile.txt","enqueuedNodeIndex":139,"enqueueingNodeAnnotation":"Csc Library/Bee/artifacts/200b0aE.dag/Unity.Searcher.Editor.dll (+2 others)","enqueueingNodeIndex":142}
{"msg":"enqueueNode","enqueuedNodeAnnotation":"WriteText Library/Bee/artifacts/200b0aE.dag/Unity.Searcher.Editor.rsp","enqueuedNodeIndex":140,"enqueueingNodeAnnotation":"Csc Library/Bee/artifacts/200b0aE.dag/Unity.Searcher.Editor.dll (+2 others)","enqueueingNodeIndex":142}
{"msg":"enqueueNode","enqueuedNodeAnnotation":"WriteText Library/Bee/artifacts/200b0aE.dag/Unity.Searcher.Editor.rsp2","enqueuedNodeIndex":141,"enqueueingNodeAnnotation":"Csc Library/Bee/artifacts/200b0aE.dag/Unity.Searcher.Editor.dll (+2 others)","enqueueingNodeIndex":142}
{"msg":"enqueueNode","enqueuedNodeAnnotation":"MovedFromExtractor-Combine Library/Bee/artifacts/200b0aE.dag/Unity.Searcher.Editor.dll.mvfrm","enqueuedNodeIndex":144,"enqueueingNodeAnnotation":"Csc Library/Bee/artifacts/200b0aE.dag/Unity.Searcher.Editor.dll (+2 others)","enqueueingNodeIndex":142}
{"msg":"enqueueNode","enqueuedNodeAnnotation":"WriteText Library/Bee/artifacts/200b0aE.dag/Unity.Searcher.Editor.dll.mvfrm.rsp","enqueuedNodeIndex":143,"enqueueingNodeAnnotation":"MovedFromExtractor-Combine Library/Bee/artifacts/200b0aE.dag/Unity.Searcher.Editor.dll.mvfrm","enqueueingNodeIndex":144}
{"msg":"enqueueNode","enqueuedNodeAnnotation":"MovedFromExtractor Library/Bee/artifacts/mvdfrm/Unity.ShaderGraph.Utilities.ref.dll_9587680413563429.mvfrm","enqueuedNodeIndex":184,"enqueueingNodeAnnotation":"ScriptAssemblies","enqueueingNodeIndex":6}
{"msg":"enqueueNode","enqueuedNodeAnnotation":"Csc Library/Bee/artifacts/200b0aE.dag/Unity.ShaderGraph.Utilities.dll (+2 others)","enqueuedNodeIndex":148,"enqueueingNodeAnnotation":"MovedFromExtractor Library/Bee/artifacts/mvdfrm/Unity.ShaderGraph.Utilities.ref.dll_9587680413563429.mvfrm","enqueueingNodeIndex":184}
{"msg":"enqueueNode","enqueuedNodeAnnotation":"WriteText Library/Bee/artifacts/200b0aE.dag/Unity.ShaderGraph.Utilities.UnityAdditionalFile.txt","enqueuedNodeIndex":145,"enqueueingNodeAnnotation":"Csc Library/Bee/artifacts/200b0aE.dag/Unity.ShaderGraph.Utilities.dll (+2 others)","enqueueingNodeIndex":148}
{"msg":"enqueueNode","enqueuedNodeAnnotation":"WriteText Library/Bee/artifacts/200b0aE.dag/Unity.ShaderGraph.Utilities.rsp","enqueuedNodeIndex":146,"enqueueingNodeAnnotation":"Csc Library/Bee/artifacts/200b0aE.dag/Unity.ShaderGraph.Utilities.dll (+2 others)","enqueueingNodeIndex":148}
{"msg":"enqueueNode","enqueuedNodeAnnotation":"WriteText Library/Bee/artifacts/200b0aE.dag/Unity.ShaderGraph.Utilities.rsp2","enqueuedNodeIndex":147,"enqueueingNodeAnnotation":"Csc Library/Bee/artifacts/200b0aE.dag/Unity.ShaderGraph.Utilities.dll (+2 others)","enqueueingNodeIndex":148}
{"msg":"enqueueNode","enqueuedNodeAnnotation":"MovedFromExtractor-Combine Library/Bee/artifacts/200b0aE.dag/Unity.ShaderGraph.Utilities.dll.mvfrm","enqueuedNodeIndex":150,"enqueueingNodeAnnotation":"Csc Library/Bee/artifacts/200b0aE.dag/Unity.ShaderGraph.Utilities.dll (+2 others)","enqueueingNodeIndex":148}
{"msg":"enqueueNode","enqueuedNodeAnnotation":"WriteText Library/Bee/artifacts/200b0aE.dag/Unity.ShaderGraph.Utilities.dll.mvfrm.rsp","enqueuedNodeIndex":149,"enqueueingNodeAnnotation":"MovedFromExtractor-Combine Library/Bee/artifacts/200b0aE.dag/Unity.ShaderGraph.Utilities.dll.mvfrm","enqueueingNodeIndex":150}
{"msg":"enqueueNode","enqueuedNodeAnnotation":"MovedFromExtractor Library/Bee/artifacts/mvdfrm/Unity.2D.Sprite.Editor.ref.dll_A298F0F0964CDA5C.mvfrm","enqueuedNodeIndex":191,"enqueueingNodeAnnotation":"ScriptAssemblies","enqueueingNodeIndex":6}
{"msg":"enqueueNode","enqueuedNodeAnnotation":"Csc Library/Bee/artifacts/200b0aE.dag/Unity.2D.Sprite.Editor.dll (+2 others)","enqueuedNodeIndex":111,"enqueueingNodeAnnotation":"MovedFromExtractor Library/Bee/artifacts/mvdfrm/Unity.2D.Sprite.Editor.ref.dll_A298F0F0964CDA5C.mvfrm","enqueueingNodeIndex":191}
{"msg":"enqueueNode","enqueuedNodeAnnotation":"WriteText Library/Bee/artifacts/200b0aE.dag/Unity.2D.Sprite.Editor.UnityAdditionalFile.txt","enqueuedNodeIndex":108,"enqueueingNodeAnnotation":"Csc Library/Bee/artifacts/200b0aE.dag/Unity.2D.Sprite.Editor.dll (+2 others)","enqueueingNodeIndex":111}
{"msg":"enqueueNode","enqueuedNodeAnnotation":"WriteText Library/Bee/artifacts/200b0aE.dag/Unity.2D.Sprite.Editor.rsp","enqueuedNodeIndex":109,"enqueueingNodeAnnotation":"Csc Library/Bee/artifacts/200b0aE.dag/Unity.2D.Sprite.Editor.dll (+2 others)","enqueueingNodeIndex":111}
{"msg":"enqueueNode","enqueuedNodeAnnotation":"WriteText Library/Bee/artifacts/200b0aE.dag/Unity.2D.Sprite.Editor.rsp2","enqueuedNodeIndex":110,"enqueueingNodeAnnotation":"Csc Library/Bee/artifacts/200b0aE.dag/Unity.2D.Sprite.Editor.dll (+2 others)","enqueueingNodeIndex":111}
{"msg":"enqueueNode","enqueuedNodeAnnotation":"MovedFromExtractor-Combine Library/Bee/artifacts/200b0aE.dag/Unity.2D.Sprite.Editor.dll.mvfrm","enqueuedNodeIndex":114,"enqueueingNodeAnnotation":"Csc Library/Bee/artifacts/200b0aE.dag/Unity.2D.Sprite.Editor.dll (+2 others)","enqueueingNodeIndex":111}
{"msg":"enqueueNode","enqueuedNodeAnnotation":"WriteText Library/Bee/artifacts/200b0aE.dag/Unity.2D.Sprite.Editor.dll.mvfrm.rsp","enqueuedNodeIndex":113,"enqueueingNodeAnnotation":"MovedFromExtractor-Combine Library/Bee/artifacts/200b0aE.dag/Unity.2D.Sprite.Editor.dll.mvfrm","enqueueingNodeIndex":114}
{"msg":"enqueueNode","enqueuedNodeAnnotation":"MovedFromExtractor Library/Bee/artifacts/mvdfrm/Unity.Mathematics.Editor.ref.dll_4A3A50F3774BA9F7.mvfrm","enqueuedNodeIndex":192,"enqueueingNodeAnnotation":"ScriptAssemblies","enqueueingNodeIndex":6}
{"msg":"enqueueNode","enqueuedNodeAnnotation":"Csc Library/Bee/artifacts/200b0aE.dag/Unity.Mathematics.Editor.dll (+2 others)","enqueuedNodeIndex":154,"enqueueingNodeAnnotation":"MovedFromExtractor Library/Bee/artifacts/mvdfrm/Unity.Mathematics.Editor.ref.dll_4A3A50F3774BA9F7.mvfrm","enqueueingNodeIndex":192}
{"msg":"enqueueNode","enqueuedNodeAnnotation":"WriteText Library/Bee/artifacts/200b0aE.dag/Unity.Mathematics.Editor.UnityAdditionalFile.txt","enqueuedNodeIndex":151,"enqueueingNodeAnnotation":"Csc Library/Bee/artifacts/200b0aE.dag/Unity.Mathematics.Editor.dll (+2 others)","enqueueingNodeIndex":154}
{"msg":"enqueueNode","enqueuedNodeAnnotation":"WriteText Library/Bee/artifacts/200b0aE.dag/Unity.Mathematics.Editor.rsp","enqueuedNodeIndex":152,"enqueueingNodeAnnotation":"Csc Library/Bee/artifacts/200b0aE.dag/Unity.Mathematics.Editor.dll (+2 others)","enqueueingNodeIndex":154}
{"msg":"enqueueNode","enqueuedNodeAnnotation":"WriteText Library/Bee/artifacts/200b0aE.dag/Unity.Mathematics.Editor.rsp2","enqueuedNodeIndex":153,"enqueueingNodeAnnotation":"Csc Library/Bee/artifacts/200b0aE.dag/Unity.Mathematics.Editor.dll (+2 others)","enqueueingNodeIndex":154}
{"msg":"enqueueNode","enqueuedNodeAnnotation":"MovedFromExtractor-Combine Library/Bee/artifacts/200b0aE.dag/Unity.Mathematics.Editor.dll.mvfrm","enqueuedNodeIndex":157,"enqueueingNodeAnnotation":"Csc Library/Bee/artifacts/200b0aE.dag/Unity.Mathematics.Editor.dll (+2 others)","enqueueingNodeIndex":154}
{"msg":"enqueueNode","enqueuedNodeAnnotation":"WriteText Library/Bee/artifacts/200b0aE.dag/Unity.Mathematics.Editor.dll.mvfrm.rsp","enqueuedNodeIndex":156,"enqueueingNodeAnnotation":"MovedFromExtractor-Combine Library/Bee/artifacts/200b0aE.dag/Unity.Mathematics.Editor.dll.mvfrm","enqueueingNodeIndex":157}
{"msg":"enqueueNode","enqueuedNodeAnnotation":"MovedFromExtractor Library/Bee/artifacts/mvdfrm/Unity.Postprocessing.Editor.ref.dll_AD00340600BDBD7C.mvfrm","enqueuedNodeIndex":193,"enqueueingNodeAnnotation":"ScriptAssemblies","enqueueingNodeIndex":6}
{"msg":"enqueueNode","enqueuedNodeAnnotation":"Csc Library/Bee/artifacts/200b0aE.dag/Unity.Postprocessing.Editor.dll (+2 others)","enqueuedNodeIndex":161,"enqueueingNodeAnnotation":"MovedFromExtractor Library/Bee/artifacts/mvdfrm/Unity.Postprocessing.Editor.ref.dll_AD00340600BDBD7C.mvfrm","enqueueingNodeIndex":193}
{"msg":"enqueueNode","enqueuedNodeAnnotation":"WriteText Library/Bee/artifacts/200b0aE.dag/Unity.Postprocessing.Editor.UnityAdditionalFile.txt","enqueuedNodeIndex":158,"enqueueingNodeAnnotation":"Csc Library/Bee/artifacts/200b0aE.dag/Unity.Postprocessing.Editor.dll (+2 others)","enqueueingNodeIndex":161}
{"msg":"enqueueNode","enqueuedNodeAnnotation":"WriteText Library/Bee/artifacts/200b0aE.dag/Unity.Postprocessing.Editor.rsp","enqueuedNodeIndex":159,"enqueueingNodeAnnotation":"Csc Library/Bee/artifacts/200b0aE.dag/Unity.Postprocessing.Editor.dll (+2 others)","enqueueingNodeIndex":161}
{"msg":"enqueueNode","enqueuedNodeAnnotation":"WriteText Library/Bee/artifacts/200b0aE.dag/Unity.Postprocessing.Editor.rsp2","enqueuedNodeIndex":160,"enqueueingNodeAnnotation":"Csc Library/Bee/artifacts/200b0aE.dag/Unity.Postprocessing.Editor.dll (+2 others)","enqueueingNodeIndex":161}
{"msg":"enqueueNode","enqueuedNodeAnnotation":"MovedFromExtractor-Combine Library/Bee/artifacts/200b0aE.dag/Unity.Postprocessing.Editor.dll.mvfrm","enqueuedNodeIndex":164,"enqueueingNodeAnnotation":"Csc Library/Bee/artifacts/200b0aE.dag/Unity.Postprocessing.Editor.dll (+2 others)","enqueueingNodeIndex":161}
{"msg":"enqueueNode","enqueuedNodeAnnotation":"WriteText Library/Bee/artifacts/200b0aE.dag/Unity.Postprocessing.Editor.dll.mvfrm.rsp","enqueuedNodeIndex":163,"enqueueingNodeAnnotation":"MovedFromExtractor-Combine Library/Bee/artifacts/200b0aE.dag/Unity.Postprocessing.Editor.dll.mvfrm","enqueueingNodeIndex":164}
{"msg":"enqueueNode","enqueuedNodeAnnotation":"MovedFromExtractor Library/Bee/artifacts/mvdfrm/Unity.RenderPipelines.Core.ShaderLibrary.ref.dll_8EDD8A7C38E993CC.mvfrm","enqueuedNodeIndex":194,"enqueueingNodeAnnotation":"ScriptAssemblies","enqueueingNodeIndex":6}
{"msg":"enqueueNode","enqueuedNodeAnnotation":"Csc Library/Bee/artifacts/200b0aE.dag/Unity.RenderPipelines.Core.ShaderLibrary.dll (+2 others)","enqueuedNodeIndex":130,"enqueueingNodeAnnotation":"MovedFromExtractor Library/Bee/artifacts/mvdfrm/Unity.RenderPipelines.Core.ShaderLibrary.ref.dll_8EDD8A7C38E993CC.mvfrm","enqueueingNodeIndex":194}
{"msg":"enqueueNode","enqueuedNodeAnnotation":"WriteText Library/Bee/artifacts/200b0aE.dag/Unity.RenderPipelines.Core.ShaderLibrary.UnityAdditionalFile.txt","enqueuedNodeIndex":127,"enqueueingNodeAnnotation":"Csc Library/Bee/artifacts/200b0aE.dag/Unity.RenderPipelines.Core.ShaderLibrary.dll (+2 others)","enqueueingNodeIndex":130}
{"msg":"enqueueNode","enqueuedNodeAnnotation":"WriteText Library/Bee/artifacts/200b0aE.dag/Unity.RenderPipelines.Core.ShaderLibrary.rsp","enqueuedNodeIndex":128,"enqueueingNodeAnnotation":"Csc Library/Bee/artifacts/200b0aE.dag/Unity.RenderPipelines.Core.ShaderLibrary.dll (+2 others)","enqueueingNodeIndex":130}
{"msg":"enqueueNode","enqueuedNodeAnnotation":"WriteText Library/Bee/artifacts/200b0aE.dag/Unity.RenderPipelines.Core.ShaderLibrary.rsp2","enqueuedNodeIndex":129,"enqueueingNodeAnnotation":"Csc Library/Bee/artifacts/200b0aE.dag/Unity.RenderPipelines.Core.ShaderLibrary.dll (+2 others)","enqueueingNodeIndex":130}
{"msg":"enqueueNode","enqueuedNodeAnnotation":"MovedFromExtractor-Combine Library/Bee/artifacts/200b0aE.dag/Unity.RenderPipelines.Core.ShaderLibrary.dll.mvfrm","enqueuedNodeIndex":132,"enqueueingNodeAnnotation":"Csc Library/Bee/artifacts/200b0aE.dag/Unity.RenderPipelines.Core.ShaderLibrary.dll (+2 others)","enqueueingNodeIndex":130}
{"msg":"enqueueNode","enqueuedNodeAnnotation":"WriteText Library/Bee/artifacts/200b0aE.dag/Unity.RenderPipelines.Core.ShaderLibrary.dll.mvfrm.rsp","enqueuedNodeIndex":131,"enqueueingNodeAnnotation":"MovedFromExtractor-Combine Library/Bee/artifacts/200b0aE.dag/Unity.RenderPipelines.Core.ShaderLibrary.dll.mvfrm","enqueueingNodeIndex":132}
{"msg":"enqueueNode","enqueuedNodeAnnotation":"MovedFromExtractor Library/Bee/artifacts/mvdfrm/Unity.RenderPipelines.ShaderGraph.ShaderGraphLibrary.ref.dll_4AD9CE269414E4CC.mvfrm","enqueuedNodeIndex":195,"enqueueingNodeAnnotation":"ScriptAssemblies","enqueueingNodeIndex":6}
{"msg":"enqueueNode","enqueuedNodeAnnotation":"Csc Library/Bee/artifacts/200b0aE.dag/Unity.RenderPipelines.ShaderGraph.ShaderGraphLibrary.dll (+2 others)","enqueuedNodeIndex":136,"enqueueingNodeAnnotation":"MovedFromExtractor Library/Bee/artifacts/mvdfrm/Unity.RenderPipelines.ShaderGraph.ShaderGraphLibrary.ref.dll_4AD9CE269414E4CC.mvfrm","enqueueingNodeIndex":195}
{"msg":"enqueueNode","enqueuedNodeAnnotation":"WriteText Library/Bee/artifacts/200b0aE.dag/Unity.RenderPipelines.ShaderGraph.ShaderGraphLibrary.UnityAdditionalFile.txt","enqueuedNodeIndex":133,"enqueueingNodeAnnotation":"Csc Library/Bee/artifacts/200b0aE.dag/Unity.RenderPipelines.ShaderGraph.ShaderGraphLibrary.dll (+2 others)","enqueueingNodeIndex":136}
{"msg":"enqueueNode","enqueuedNodeAnnotation":"WriteText Library/Bee/artifacts/200b0aE.dag/Unity.RenderPipelines.ShaderGraph.ShaderGraphLibrary.rsp","enqueuedNodeIndex":134,"enqueueingNodeAnnotation":"Csc Library/Bee/artifacts/200b0aE.dag/Unity.RenderPipelines.ShaderGraph.ShaderGraphLibrary.dll (+2 others)","enqueueingNodeIndex":136}
{"msg":"enqueueNode","enqueuedNodeAnnotation":"WriteText Library/Bee/artifacts/200b0aE.dag/Unity.RenderPipelines.ShaderGraph.ShaderGraphLibrary.rsp2","enqueuedNodeIndex":135,"enqueueingNodeAnnotation":"Csc Library/Bee/artifacts/200b0aE.dag/Unity.RenderPipelines.ShaderGraph.ShaderGraphLibrary.dll (+2 others)","enqueueingNodeIndex":136}
{"msg":"enqueueNode","enqueuedNodeAnnotation":"MovedFromExtractor-Combine Library/Bee/artifacts/200b0aE.dag/Unity.RenderPipelines.ShaderGraph.ShaderGraphLibrary.dll.mvfrm","enqueuedNodeIndex":138,"enqueueingNodeAnnotation":"Csc Library/Bee/artifacts/200b0aE.dag/Unity.RenderPipelines.ShaderGraph.ShaderGraphLibrary.dll (+2 others)","enqueueingNodeIndex":136}
{"msg":"enqueueNode","enqueuedNodeAnnotation":"WriteText Library/Bee/artifacts/200b0aE.dag/Unity.RenderPipelines.ShaderGraph.ShaderGraphLibrary.dll.mvfrm.rsp","enqueuedNodeIndex":137,"enqueueingNodeAnnotation":"MovedFromExtractor-Combine Library/Bee/artifacts/200b0aE.dag/Unity.RenderPipelines.ShaderGraph.ShaderGraphLibrary.dll.mvfrm","enqueueingNodeIndex":138}
{"msg":"enqueueNode","enqueuedNodeAnnotation":"MovedFromExtractor Library/Bee/artifacts/mvdfrm/Unity.ShaderGraph.Editor.ref.dll_BF69964832659484.mvfrm","enqueuedNodeIndex":196,"enqueueingNodeAnnotation":"ScriptAssemblies","enqueueingNodeIndex":6}
{"msg":"enqueueNode","enqueuedNodeAnnotation":"Csc Library/Bee/artifacts/200b0aE.dag/Unity.ShaderGraph.Editor.dll (+2 others)","enqueuedNodeIndex":181,"enqueueingNodeAnnotation":"MovedFromExtractor Library/Bee/artifacts/mvdfrm/Unity.ShaderGraph.Editor.ref.dll_BF69964832659484.mvfrm","enqueueingNodeIndex":196}
{"msg":"enqueueNode","enqueuedNodeAnnotation":"WriteText Library/Bee/artifacts/200b0aE.dag/Unity.ShaderGraph.Editor.UnityAdditionalFile.txt","enqueuedNodeIndex":178,"enqueueingNodeAnnotation":"Csc Library/Bee/artifacts/200b0aE.dag/Unity.ShaderGraph.Editor.dll (+2 others)","enqueueingNodeIndex":181}
{"msg":"enqueueNode","enqueuedNodeAnnotation":"WriteText Library/Bee/artifacts/200b0aE.dag/Unity.ShaderGraph.Editor.rsp","enqueuedNodeIndex":179,"enqueueingNodeAnnotation":"Csc Library/Bee/artifacts/200b0aE.dag/Unity.ShaderGraph.Editor.dll (+2 others)","enqueueingNodeIndex":181}
{"msg":"enqueueNode","enqueuedNodeAnnotation":"WriteText Library/Bee/artifacts/200b0aE.dag/Unity.ShaderGraph.Editor.rsp2","enqueuedNodeIndex":180,"enqueueingNodeAnnotation":"Csc Library/Bee/artifacts/200b0aE.dag/Unity.ShaderGraph.Editor.dll (+2 others)","enqueueingNodeIndex":181}
{"msg":"enqueueNode","enqueuedNodeAnnotation":"MovedFromExtractor-Combine Library/Bee/artifacts/200b0aE.dag/Unity.ShaderGraph.Editor.dll.mvfrm","enqueuedNodeIndex":186,"enqueueingNodeAnnotation":"Csc Library/Bee/artifacts/200b0aE.dag/Unity.ShaderGraph.Editor.dll (+2 others)","enqueueingNodeIndex":181}
{"msg":"enqueueNode","enqueuedNodeAnnotation":"WriteText Library/Bee/artifacts/200b0aE.dag/Unity.ShaderGraph.Editor.dll.mvfrm.rsp","enqueuedNodeIndex":185,"enqueueingNodeAnnotation":"MovedFromExtractor-Combine Library/Bee/artifacts/200b0aE.dag/Unity.ShaderGraph.Editor.dll.mvfrm","enqueueingNodeIndex":186}
{"msg":"enqueueNode","enqueuedNodeAnnotation":"CopyFiles Library/ScriptAssemblies/UnityEngine.UI.dll","enqueuedNodeIndex":199,"enqueueingNodeAnnotation":"ScriptAssemblies","enqueueingNodeIndex":6}
{"msg":"enqueueNode","enqueuedNodeAnnotation":"CopyFiles Library/ScriptAssemblies/UnityEngine.UI.pdb","enqueuedNodeIndex":200,"enqueueingNodeAnnotation":"ScriptAssemblies","enqueueingNodeIndex":6}
{"msg":"enqueueNode","enqueuedNodeAnnotation":"CopyFiles Library/ScriptAssemblies/UnityEditor.UI.dll","enqueuedNodeIndex":201,"enqueueingNodeAnnotation":"ScriptAssemblies","enqueueingNodeIndex":6}
{"msg":"enqueueNode","enqueuedNodeAnnotation":"CopyFiles Library/ScriptAssemblies/UnityEditor.UI.pdb","enqueuedNodeIndex":202,"enqueueingNodeAnnotation":"ScriptAssemblies","enqueueingNodeIndex":6}
{"msg":"enqueueNode","enqueuedNodeAnnotation":"CopyFiles Library/ScriptAssemblies/Unity.2D.Sprite.Editor.dll","enqueuedNodeIndex":203,"enqueueingNodeAnnotation":"ScriptAssemblies","enqueueingNodeIndex":6}
{"msg":"enqueueNode","enqueuedNodeAnnotation":"CopyFiles Library/ScriptAssemblies/Unity.2D.Sprite.Editor.pdb","enqueuedNodeIndex":204,"enqueueingNodeAnnotation":"ScriptAssemblies","enqueueingNodeIndex":6}
{"msg":"enqueueNode","enqueuedNodeAnnotation":"CopyFiles Library/ScriptAssemblies/Unity.Mathematics.dll","enqueuedNodeIndex":205,"enqueueingNodeAnnotation":"ScriptAssemblies","enqueueingNodeIndex":6}
{"msg":"enqueueNode","enqueuedNodeAnnotation":"CopyFiles Library/ScriptAssemblies/Unity.Mathematics.pdb","enqueuedNodeIndex":206,"enqueueingNodeAnnotation":"ScriptAssemblies","enqueueingNodeIndex":6}
{"msg":"enqueueNode","enqueuedNodeAnnotation":"CopyFiles Library/ScriptAssemblies/Unity.Postprocessing.Runtime.dll","enqueuedNodeIndex":207,"enqueueingNodeAnnotation":"ScriptAssemblies","enqueueingNodeIndex":6}
{"msg":"enqueueNode","enqueuedNodeAnnotation":"CopyFiles Library/ScriptAssemblies/Unity.Postprocessing.Runtime.pdb","enqueuedNodeIndex":208,"enqueueingNodeAnnotation":"ScriptAssemblies","enqueueingNodeIndex":6}
{"msg":"enqueueNode","enqueuedNodeAnnotation":"CopyFiles Library/ScriptAssemblies/Unity.RenderPipelines.Core.ShaderLibrary.dll","enqueuedNodeIndex":209,"enqueueingNodeAnnotation":"ScriptAssemblies","enqueueingNodeIndex":6}
{"msg":"enqueueNode","enqueuedNodeAnnotation":"CopyFiles Library/ScriptAssemblies/Unity.RenderPipelines.Core.ShaderLibrary.pdb","enqueuedNodeIndex":210,"enqueueingNodeAnnotation":"ScriptAssemblies","enqueueingNodeIndex":6}
{"msg":"enqueueNode","enqueuedNodeAnnotation":"CopyFiles Library/ScriptAssemblies/Unity.RenderPipelines.ShaderGraph.ShaderGraphLibrary.dll","enqueuedNodeIndex":211,"enqueueingNodeAnnotation":"ScriptAssemblies","enqueueingNodeIndex":6}
{"msg":"enqueueNode","enqueuedNodeAnnotation":"CopyFiles Library/ScriptAssemblies/Unity.RenderPipelines.ShaderGraph.ShaderGraphLibrary.pdb","enqueuedNodeIndex":212,"enqueueingNodeAnnotation":"ScriptAssemblies","enqueueingNodeIndex":6}
{"msg":"enqueueNode","enqueuedNodeAnnotation":"CopyFiles Library/ScriptAssemblies/Unity.Searcher.Editor.dll","enqueuedNodeIndex":213,"enqueueingNodeAnnotation":"ScriptAssemblies","enqueueingNodeIndex":6}
{"msg":"enqueueNode","enqueuedNodeAnnotation":"CopyFiles Library/ScriptAssemblies/Unity.Searcher.Editor.pdb","enqueuedNodeIndex":214,"enqueueingNodeAnnotation":"ScriptAssemblies","enqueueingNodeIndex":6}
{"msg":"enqueueNode","enqueuedNodeAnnotation":"CopyFiles Library/ScriptAssemblies/Unity.ShaderGraph.Utilities.dll","enqueuedNodeIndex":215,"enqueueingNodeAnnotation":"ScriptAssemblies","enqueueingNodeIndex":6}
{"msg":"enqueueNode","enqueuedNodeAnnotation":"CopyFiles Library/ScriptAssemblies/Unity.ShaderGraph.Utilities.pdb","enqueuedNodeIndex":216,"enqueueingNodeAnnotation":"ScriptAssemblies","enqueueingNodeIndex":6}
{"msg":"enqueueNode","enqueuedNodeAnnotation":"CopyFiles Library/ScriptAssemblies/Unity.Mathematics.Editor.dll","enqueuedNodeIndex":217,"enqueueingNodeAnnotation":"ScriptAssemblies","enqueueingNodeIndex":6}
{"msg":"enqueueNode","enqueuedNodeAnnotation":"CopyFiles Library/ScriptAssemblies/Unity.Mathematics.Editor.pdb","enqueuedNodeIndex":218,"enqueueingNodeAnnotation":"ScriptAssemblies","enqueueingNodeIndex":6}
{"msg":"enqueueNode","enqueuedNodeAnnotation":"CopyFiles Library/ScriptAssemblies/Unity.Postprocessing.Editor.dll","enqueuedNodeIndex":219,"enqueueingNodeAnnotation":"ScriptAssemblies","enqueueingNodeIndex":6}
{"msg":"enqueueNode","enqueuedNodeAnnotation":"CopyFiles Library/ScriptAssemblies/Unity.Postprocessing.Editor.pdb","enqueuedNodeIndex":220,"enqueueingNodeAnnotation":"ScriptAssemblies","enqueueingNodeIndex":6}
{"msg":"enqueueNode","enqueuedNodeAnnotation":"CopyFiles Library/ScriptAssemblies/Unity.RenderPipelines.Core.Runtime.dll","enqueuedNodeIndex":221,"enqueueingNodeAnnotation":"ScriptAssemblies","enqueueingNodeIndex":6}
{"msg":"enqueueNode","enqueuedNodeAnnotation":"CopyFiles Library/ScriptAssemblies/Unity.RenderPipelines.Core.Runtime.pdb","enqueuedNodeIndex":222,"enqueueingNodeAnnotation":"ScriptAssemblies","enqueueingNodeIndex":6}
{"msg":"enqueueNode","enqueuedNodeAnnotation":"CopyFiles Library/ScriptAssemblies/Unity.RenderPipelines.Core.Editor.dll","enqueuedNodeIndex":223,"enqueueingNodeAnnotation":"ScriptAssemblies","enqueueingNodeIndex":6}
{"msg":"enqueueNode","enqueuedNodeAnnotation":"CopyFiles Library/ScriptAssemblies/Unity.RenderPipelines.Core.Editor.pdb","enqueuedNodeIndex":224,"enqueueingNodeAnnotation":"ScriptAssemblies","enqueueingNodeIndex":6}
{"msg":"enqueueNode","enqueuedNodeAnnotation":"CopyFiles Library/ScriptAssemblies/Unity.ShaderGraph.Editor.dll","enqueuedNodeIndex":225,"enqueueingNodeAnnotation":"ScriptAssemblies","enqueueingNodeIndex":6}
{"msg":"enqueueNode","enqueuedNodeAnnotation":"CopyFiles Library/ScriptAssemblies/Unity.ShaderGraph.Editor.pdb","enqueuedNodeIndex":226,"enqueueingNodeAnnotation":"ScriptAssemblies","enqueueingNodeIndex":6}
{"msg":"enqueueNode","enqueuedNodeAnnotation":"CopyFiles Library/ScriptAssemblies/Assembly-CSharp.dll","enqueuedNodeIndex":227,"enqueueingNodeAnnotation":"ScriptAssemblies","enqueueingNodeIndex":6}
{"msg":"enqueueNode","enqueuedNodeAnnotation":"Csc Library/Bee/artifacts/200b0aE.dag/Assembly-CSharp.dll (+2 others)","enqueuedNodeIndex":190,"enqueueingNodeAnnotation":"CopyFiles Library/ScriptAssemblies/Assembly-CSharp.dll","enqueueingNodeIndex":227}
{"msg":"enqueueNode","enqueuedNodeAnnotation":"WriteText Library/Bee/artifacts/200b0aE.dag/Assembly-CSharp.UnityAdditionalFile.txt","enqueuedNodeIndex":187,"enqueueingNodeAnnotation":"Csc Library/Bee/artifacts/200b0aE.dag/Assembly-CSharp.dll (+2 others)","enqueueingNodeIndex":190}
{"msg":"enqueueNode","enqueuedNodeAnnotation":"WriteText Library/Bee/artifacts/200b0aE.dag/Assembly-CSharp.rsp","enqueuedNodeIndex":188,"enqueueingNodeAnnotation":"Csc Library/Bee/artifacts/200b0aE.dag/Assembly-CSharp.dll (+2 others)","enqueueingNodeIndex":190}
{"msg":"enqueueNode","enqueuedNodeAnnotation":"WriteText Library/Bee/artifacts/200b0aE.dag/Assembly-CSharp.rsp2","enqueuedNodeIndex":189,"enqueueingNodeAnnotation":"Csc Library/Bee/artifacts/200b0aE.dag/Assembly-CSharp.dll (+2 others)","enqueueingNodeIndex":190}
{"msg":"enqueueNode","enqueuedNodeAnnotation":"MovedFromExtractor-Combine Library/Bee/artifacts/200b0aE.dag/Assembly-CSharp.dll.mvfrm","enqueuedNodeIndex":198,"enqueueingNodeAnnotation":"Csc Library/Bee/artifacts/200b0aE.dag/Assembly-CSharp.dll (+2 others)","enqueueingNodeIndex":190}
{"msg":"enqueueNode","enqueuedNodeAnnotation":"WriteText Library/Bee/artifacts/200b0aE.dag/Assembly-CSharp.dll.mvfrm.rsp","enqueuedNodeIndex":197,"enqueueingNodeAnnotation":"MovedFromExtractor-Combine Library/Bee/artifacts/200b0aE.dag/Assembly-CSharp.dll.mvfrm","enqueueingNodeIndex":198}
{"msg":"enqueueNode","enqueuedNodeAnnotation":"CopyFiles Library/ScriptAssemblies/Assembly-CSharp.pdb","enqueuedNodeIndex":228,"enqueueingNodeAnnotation":"ScriptAssemblies","enqueueingNodeIndex":6}
{"msg":"nodeRetryBuild","annotation":"Csc Library/Bee/artifacts/200b0aE.dag/Assembly-CSharp.dll (+2 others)","index":190}
{"msg":"runNodeAction","annotation":"Csc Library/Bee/artifacts/200b0aE.dag/Assembly-CSharp.dll (+2 others)","displayName":"Compiling C# (Assembly-CSharp)","index":190}
{"msg":"noderesult","processed_node_count":224,"number_of_nodes_ever_queued":228,"annotation":"Csc Library/Bee/artifacts/200b0aE.dag/Assembly-CSharp.dll (+2 others)","index":190,"exitcode":0,"outputfile":"Library/Bee/artifacts/200b0aE.dag/Assembly-CSharp.dll","stdout":"Assets/Scripts/Camara/cameraTeletransporte.cs(17,40): warning CS0618: 'Object.FindObjectOfType<T>()' is obsolete: 'Object.FindObjectOfType has been deprecated. Use Object.FindFirstObjectByType instead or if finding any instance is acceptable the faster Object.FindAnyObjectByType'\nAssets/Scripts/Player/teleportTrigger.cs(16,40): warning CS0618: 'Object.FindObjectOfType<T>()' is obsolete: 'Object.FindObjectOfType has been deprecated. Use Object.FindFirstObjectByType instead or if finding any instance is acceptable the faster Object.FindAnyObjectByType'\nAssets/Scripts/Player/inventario.cs(29,18): warning CS0414: The field 'inventario.soundPlayed' is assigned but its value is never used"}
{"msg":"inputSignatureChanged","annotation":"CopyFiles Library/ScriptAssemblies/Assembly-CSharp.dll","index":227,"changes":[{"key":"FileList","value":["Library/Bee/artifacts/200b0aE.dag/Assembly-CSharp.dll"],"oldvalue":[],"dependency":"explicit"}]}
{"msg":"runNodeAction","annotation":"CopyFiles Library/ScriptAssemblies/Assembly-CSharp.dll","displayName":"Copying Assembly-CSharp.dll","index":227}
{"msg":"inputSignatureChanged","annotation":"CopyFiles Library/ScriptAssemblies/Assembly-CSharp.pdb","index":228,"changes":[{"key":"FileList","value":["Library/Bee/artifacts/200b0aE.dag/Assembly-CSharp.pdb"],"oldvalue":[],"dependency":"explicit"}]}
{"msg":"runNodeAction","annotation":"CopyFiles Library/ScriptAssemblies/Assembly-CSharp.pdb","displayName":"Copying Assembly-CSharp.pdb","index":228}
{"msg":"noderesult","processed_node_count":225,"number_of_nodes_ever_queued":228,"annotation":"CopyFiles Library/ScriptAssemblies/Assembly-CSharp.pdb","index":228,"exitcode":0,"outputfile":"Library/ScriptAssemblies/Assembly-CSharp.pdb"}
{"msg":"noderesult","processed_node_count":226,"number_of_nodes_ever_queued":228,"annotation":"CopyFiles Library/ScriptAssemblies/Assembly-CSharp.dll","index":227,"exitcode":0,"outputfile":"Library/ScriptAssemblies/Assembly-CSharp.dll"}
